id,age,country,language,personality,reading_habits,favourite_genres,patience
ID0001,36,United Kingdom,English,Extrovert,Daily,Comics & Graphic Novels,High
ID0002,67,India,Hindi,Extrovert,Weekly,Fantasy,High
ID0003,75,Germany,German,Introvert,Weekly,Fiction,Moderate
ID0004,24,India,Hindi,Extrovert,Monthly,Biography & Memoir,Low
ID0005,29,Nigeria,English,Ambivert,Monthly,Fiction,High
ID0006,46,Mexico,Spanish,Ambivert,Daily,Poetry,Moderate
ID0007,59,Brazil,Portuguese,Ambivert,Weekly,Biography & Memoir,Moderate
ID0008,33,United States,English,Ambivert,Weekly,History,Low
ID0009,34,Nigeria,English,Extrovert,Several times a week,Fantasy,Moderate
ID0010,49,India,Hindi,Ambivert,Daily,Romance,Moderate
ID0011,61,India,Hindi,Ambivert,Rarely,Romance,High
ID0012,70,India,Hindi,Ambivert,Weekly,Self-Help,High
ID0013,69,United Kingdom,English,Extrovert,Weekly,Self-Help,Moderate
ID0014,27,Japan,Japanese,Ambivert,Daily,Business,Low
ID0015,31,Mexico,Spanish,Introvert,Several times a week,Fiction,Low
ID0016,67,Canada,English,Ambivert,Weekly,Mystery & Thriller,High
ID0017,28,France,French,Ambivert,Rarely,Science & Technology,Moderate
ID0018,51,South Korea,Korean,Extrovert,Weekly,Science Fiction,Moderate
ID0019,57,China,Mandarin Chinese,Introvert,Monthly,Business,High
ID0020,73,India,Hindi,Ambivert,Several times a week,Business,High
ID0021,58,Spain,Spanish,Ambivert,Rarely,History,Moderate
ID0022,30,South Korea,Korean,Extrovert,Rarely,Fiction,Low
ID0023,21,Canada,English,Extrovert,Monthly,Fantasy,Moderate
ID0024,39,India,Hindi,Ambivert,Weekly,History,Moderate
ID0025,38,Canada,English,Ambivert,Weekly,Self-Help,Moderate
ID0026,58,Brazil,Portuguese,Extrovert,Several times a week,Science Fiction,High
ID0027,31,India,Hindi,Extrovert,Daily,History,Moderate
ID0028,70,Sweden,Swedish,Ambivert,Several times a week,Self-Help,High
ID0029,72,Sweden,Swedish,Ambivert,Weekly,Biography & Memoir,Moderate
ID0030,21,Brazil,Portuguese,Introvert,Daily,History,High
ID0031,24,United States,English,Introvert,Several times a week,Science Fiction,High
ID0032,46,South Africa,English,Introvert,Weekly,Business,High
ID0033,33,Australia,English,Introvert,Monthly,Self-Help,Moderate
ID0034,70,Mexico,Spanish,Ambivert,Rarely,Self-Help,High
ID0035,35,Indonesia,Indonesian,Introvert,Weekly,History,Moderate
ID0036,55,France,French,Ambivert,Daily,Mystery & Thriller,Moderate
ID0037,74,South Korea,Korean,Ambivert,Monthly,Science Fiction,Moderate
ID0038,59,India,Hindi,Introvert,Monthly,Self-Help,Moderate
ID0039,38,India,Hindi,Ambivert,Weekly,History,Moderate
ID0040,20,United Arab Emirates,Arabic,Introvert,Weekly,Fiction,High
ID0041,53,India,Hindi,Ambivert,Rarely,Fiction,Moderate
ID0042,26,China,Mandarin Chinese,Ambivert,Weekly,History,High
ID0043,46,China,Mandarin Chinese,Ambivert,Several times a week,Mystery & Thriller,Low
ID0044,23,China,Mandarin Chinese,Extrovert,Weekly,Self-Help,Moderate
ID0045,51,United Kingdom,English,Ambivert,Several times a week,Business,High
ID0046,43,Italy,Italian,Ambivert,Several times a week,History,Moderate
ID0047,19,Canada,English,Introvert,Daily,Science Fiction,Low
ID0048,56,India,Hindi,Introvert,Monthly,Self-Help,Moderate
ID0049,45,South Korea,Korean,Ambivert,Monthly,Mystery & Thriller,Low
ID0050,72,India,Hindi,Extrovert,Several times a week,Mystery & Thriller,Low
ID0051,32,Germany,German,Ambivert,Several times a week,Mystery & Thriller,Low
ID0052,63,United Kingdom,English,Introvert,Several times a week,Business,Moderate
ID0053,20,Italy,Italian,Ambivert,Several times a week,Romance,Moderate
ID0054,47,South Africa,English,Introvert,Several times a week,Self-Help,Moderate
ID0055,67,Italy,Italian,Introvert,Several times a week,Fantasy,Moderate
ID0056,46,India,Hindi,Ambivert,Several times a week,Mystery & Thriller,High
ID0057,54,Brazil,Portuguese,Introvert,Weekly,Fiction,Moderate
ID0058,27,United Kingdom,English,Ambivert,Several times a week,Mystery & Thriller,High
ID0059,21,Sweden,Swedish,Introvert,Weekly,Science Fiction,Moderate
ID0060,55,Germany,German,Introvert,Several times a week,Business,Moderate
ID0061,38,India,Hindi,Ambivert,Monthly,Romance,High
ID0062,62,Germany,German,Ambivert,Weekly,Biography & Memoir,Low
ID0063,26,China,Mandarin Chinese,Ambivert,Daily,Fiction,Moderate
ID0064,69,Indonesia,Indonesian,Introvert,Monthly,Fiction,High
ID0065,55,India,Hindi,Extrovert,Weekly,Science Fiction,High
ID0066,55,Spain,Spanish,Extrovert,Daily,Mystery & Thriller,Low
ID0067,56,United Kingdom,English,Ambivert,Rarely,Fiction,Moderate
ID0068,54,India,Hindi,Ambivert,Rarely,Romance,Moderate
ID0069,44,Indonesia,Indonesian,Extrovert,Weekly,Fiction,Moderate
ID0070,44,India,Hindi,Extrovert,Weekly,Fantasy,Moderate
ID0071,24,China,Mandarin Chinese,Ambivert,Daily,Fantasy,Moderate
ID0072,22,India,Hindi,Ambivert,Weekly,Fantasy,High
ID0073,22,Germany,German,Ambivert,Several times a week,Biography & Memoir,High
ID0074,72,France,French,Ambivert,Daily,Romance,High
ID0075,31,United Kingdom,English,Introvert,Rarely,Business,Moderate
ID0076,41,Netherlands,Dutch,Ambivert,Daily,History,Moderate
ID0077,38,India,Hindi,Introvert,Weekly,Romance,Low
ID0078,66,Indonesia,Indonesian,Ambivert,Monthly,Fantasy,Moderate
ID0079,70,Mexico,Spanish,Extrovert,Weekly,Comics & Graphic Novels,Moderate
ID0080,68,India,Hindi,Ambivert,Monthly,Romance,Moderate
ID0081,57,Canada,English,Ambivert,Several times a week,Poetry,Moderate
ID0082,70,France,French,Extrovert,Daily,Fiction,Moderate
ID0083,48,China,Mandarin Chinese,Introvert,Daily,Science & Technology,Low
ID0084,22,Japan,Japanese,Ambivert,Weekly,Science Fiction,High
ID0085,37,India,Hindi,Ambivert,Several times a week,Mystery & Thriller,Moderate
ID0086,68,Canada,English,Introvert,Weekly,Biography & Memoir,High
ID0087,72,Australia,English,Introvert,Several times a week,Science Fiction,Moderate
ID0088,36,Canada,English,Introvert,Weekly,History,Moderate
ID0089,51,Germany,German,Ambivert,Monthly,Fantasy,High
ID0090,48,South Africa,English,Introvert,Weekly,Fiction,Moderate
ID0091,23,Brazil,Portuguese,Introvert,Weekly,Science & Technology,Low
ID0092,66,India,Hindi,Introvert,Weekly,Romance,Low
ID0093,26,India,Hindi,Ambivert,Several times a week,Science Fiction,Moderate
ID0094,70,India,Hindi,Extrovert,Several times a week,Mystery & Thriller,Moderate
ID0095,75,Australia,English,Ambivert,Several times a week,Fantasy,High
ID0096,41,France,French,Ambivert,Monthly,Fantasy,Moderate
ID0097,44,Australia,English,Ambivert,Weekly,Fantasy,High
ID0098,45,Australia,English,Ambivert,Several times a week,Science Fiction,Low
ID0099,46,India,Hindi,Extrovert,Monthly,Self-Help,Moderate
ID0100,57,China,Mandarin Chinese,Introvert,Several times a week,Mystery & Thriller,High
ID0101,31,India,Hindi,Introvert,Rarely,Romance,Moderate
ID0102,40,India,Hindi,Ambivert,Monthly,Fantasy,Moderate
ID0103,43,Italy,Italian,Ambivert,Daily,Business,Moderate
ID0104,65,India,Hindi,Introvert,Several times a week,Mystery & Thriller,Moderate
ID0105,63,Sweden,Swedish,Ambivert,Rarely,Business,Low
ID0106,69,Brazil,Portuguese,Introvert,Monthly,History,Moderate
ID0107,44,United Kingdom,English,Ambivert,Several times a week,Science Fiction,Low
ID0108,21,India,Hindi,Extrovert,Monthly,Comics & Graphic Novels,Low
ID0109,66,India,Hindi,Ambivert,Weekly,Self-Help,Low
ID0110,50,United States,English,Ambivert,Weekly,Fantasy,High
ID0111,40,India,Hindi,Ambivert,Several times a week,Science & Technology,Moderate
ID0112,45,United States,English,Extrovert,Weekly,Fantasy,Moderate
ID0113,71,United States,English,Extrovert,Weekly,Comics & Graphic Novels,Moderate
ID0114,75,Canada,English,Extrovert,Monthly,Mystery & Thriller,Moderate
ID0115,21,Germany,German,Ambivert,Weekly,Fantasy,Moderate
ID0116,53,France,French,Introvert,Weekly,History,High
ID0117,34,India,Hindi,Ambivert,Daily,Poetry,Low
ID0118,23,Japan,Japanese,Ambivert,Monthly,Fiction,Moderate
ID0119,71,India,Hindi,Extrovert,Daily,Science Fiction,Moderate
ID0120,39,United Kingdom,English,Ambivert,Daily,Fantasy,Moderate
ID0121,40,Nigeria,English,Extrovert,Weekly,Fiction,Moderate
ID0122,67,United States,English,Introvert,Rarely,Mystery & Thriller,Moderate
ID0123,72,Spain,Spanish,Extrovert,Monthly,Poetry,High
ID0124,66,Brazil,Portuguese,Introvert,Monthly,Business,Moderate
ID0125,20,South Korea,Korean,Ambivert,Daily,Business,Moderate
ID0126,65,Brazil,Portuguese,Ambivert,Daily,Biography & Memoir,Moderate
ID0127,34,Germany,German,Ambivert,Weekly,Fantasy,High
ID0128,27,United States,English,Ambivert,Weekly,Mystery & Thriller,High
ID0129,75,Nigeria,English,Ambivert,Weekly,Fiction,Moderate
ID0130,75,South Africa,English,Ambivert,Several times a week,Biography & Memoir,Moderate
ID0131,44,Brazil,Portuguese,Ambivert,Daily,Biography & Memoir,Low
ID0132,59,United Kingdom,English,Introvert,Several times a week,Biography & Memoir,Moderate
ID0133,23,Australia,English,Ambivert,Weekly,History,Moderate
ID0134,42,United States,English,Ambivert,Daily,History,High
ID0135,19,Nigeria,English,Extrovert,Several times a week,Biography & Memoir,Moderate
ID0136,71,United Kingdom,English,Ambivert,Daily,Self-Help,Moderate
ID0137,22,India,Hindi,Introvert,Monthly,Biography & Memoir,Moderate
ID0138,27,Japan,Japanese,Introvert,Rarely,Fiction,Moderate
ID0139,69,Germany,German,Extrovert,Daily,Fiction,Moderate
ID0140,48,United Kingdom,English,Introvert,Weekly,Business,High
ID0141,70,Canada,English,Introvert,Daily,History,Moderate
ID0142,22,India,Hindi,Introvert,Monthly,Romance,High
ID0143,29,United Kingdom,English,Ambivert,Several times a week,Science Fiction,Moderate
ID0144,60,India,Hindi,Ambivert,Daily,Business,High
ID0145,54,France,French,Extrovert,Rarely,Biography & Memoir,High
ID0146,71,Nigeria,English,Ambivert,Weekly,History,Low
ID0147,56,France,French,Ambivert,Weekly,Self-Help,Moderate
ID0148,42,Mexico,Spanish,Introvert,Rarely,Poetry,Moderate
ID0149,64,India,Hindi,Extrovert,Several times a week,Mystery & Thriller,Moderate
ID0150,30,Spain,Spanish,Introvert,Several times a week,Science Fiction,Low
ID0151,52,India,Hindi,Ambivert,Weekly,Science Fiction,Moderate
ID0152,46,Germany,German,Introvert,Daily,Self-Help,High
ID0153,49,Germany,German,Extrovert,Daily,Fiction,Low
ID0154,43,Germany,German,Extrovert,Rarely,Mystery & Thriller,Moderate
ID0155,44,Nigeria,English,Ambivert,Daily,Fiction,Moderate
ID0156,28,Nigeria,English,Ambivert,Several times a week,Self-Help,High
ID0157,21,Nigeria,English,Introvert,Several times a week,Science Fiction,Low
ID0158,25,Netherlands,Dutch,Extrovert,Several times a week,Mystery & Thriller,High
ID0159,69,Canada,English,Ambivert,Several times a week,Self-Help,Moderate
ID0160,48,United States,English,Introvert,Daily,Fiction,High
ID0161,63,United States,English,Ambivert,Monthly,History,High
ID0162,23,Nigeria,English,Ambivert,Daily,Fiction,Moderate
ID0163,44,Spain,Spanish,Ambivert,Monthly,Poetry,Moderate
ID0164,67,India,Hindi,Ambivert,Rarely,Comics & Graphic Novels,Moderate
ID0165,23,Australia,English,Ambivert,Weekly,Biography & Memoir,Moderate
ID0166,58,United States,English,Extrovert,Several times a week,History,Low
ID0167,65,Netherlands,Dutch,Ambivert,Several times a week,Romance,Moderate
ID0168,35,Brazil,Portuguese,Ambivert,Monthly,Fantasy,Moderate
ID0169,48,Italy,Italian,Introvert,Weekly,Fantasy,Moderate
ID0170,30,Australia,English,Ambivert,Monthly,Biography & Memoir,Moderate
ID0171,48,South Korea,Korean,Extrovert,Monthly,Science Fiction,Moderate
ID0172,45,Spain,Spanish,Introvert,Monthly,Fiction,Moderate
ID0173,56,Italy,Italian,Introvert,Several times a week,Self-Help,Moderate
ID0174,25,Brazil,Portuguese,Introvert,Several times a week,Business,Moderate
ID0175,39,China,Mandarin Chinese,Introvert,Monthly,Science Fiction,Moderate
ID0176,23,Japan,Japanese,Ambivert,Weekly,Fantasy,High
ID0177,43,Australia,English,Ambivert,Weekly,Biography & Memoir,Moderate
ID0178,59,China,Mandarin Chinese,Ambivert,Daily,Mystery & Thriller,Moderate
ID0179,38,United States,English,Ambivert,Several times a week,Fiction,Moderate
ID0180,61,China,Mandarin Chinese,Introvert,Weekly,Romance,Moderate
ID0181,23,Canada,English,Extrovert,Weekly,Self-Help,High
ID0182,47,South Africa,English,Ambivert,Several times a week,Business,High
ID0183,21,China,Mandarin Chinese,Extrovert,Daily,Fiction,Moderate
ID0184,58,Mexico,Spanish,Ambivert,Rarely,Mystery & Thriller,Low
ID0185,62,Japan,Japanese,Introvert,Rarely,Comics & Graphic Novels,Low
ID0186,68,Nigeria,English,Introvert,Rarely,Self-Help,High
ID0187,61,Canada,English,Ambivert,Weekly,Fantasy,High
ID0188,60,France,French,Extrovert,Weekly,Biography & Memoir,Moderate
ID0189,41,India,Hindi,Extrovert,Several times a week,Fantasy,Moderate
ID0190,55,Germany,German,Ambivert,Weekly,Self-Help,High
ID0191,73,Nigeria,English,Introvert,Daily,Mystery & Thriller,Moderate
ID0192,23,United States,English,Introvert,Several times a week,Romance,High
ID0193,52,Canada,English,Extrovert,Daily,Fantasy,Moderate
ID0194,70,South Korea,Korean,Ambivert,Weekly,Mystery & Thriller,Moderate
ID0195,56,China,Mandarin Chinese,Extrovert,Rarely,Business,High
ID0196,47,Japan,Japanese,Extrovert,Rarely,Fiction,Moderate
ID0197,49,Mexico,Spanish,Ambivert,Several times a week,Romance,Moderate
ID0198,55,United Kingdom,English,Ambivert,Weekly,History,Moderate
ID0199,18,Brazil,Portuguese,Ambivert,Several times a week,History,Moderate
ID0200,27,Mexico,Spanish,Ambivert,Several times a week,Mystery & Thriller,High
ID0201,75,Brazil,Portuguese,Introvert,Daily,Science Fiction,Moderate
ID0202,60,Italy,Italian,Introvert,Daily,Comics & Graphic Novels,High
ID0203,50,United States,English,Extrovert,Daily,Comics & Graphic Novels,High
ID0204,69,United States,English,Ambivert,Daily,Biography & Memoir,Moderate
ID0205,46,United States,English,Introvert,Rarely,Romance,Low
ID0206,56,India,Hindi,Ambivert,Daily,Biography & Memoir,Moderate
ID0207,28,Brazil,Portuguese,Extrovert,Monthly,Fantasy,Moderate
ID0208,37,United States,English,Extrovert,Daily,Fiction,Moderate
ID0209,32,Spain,Spanish,Ambivert,Daily,History,High
ID0210,54,Mexico,Spanish,Ambivert,Daily,Comics & Graphic Novels,Moderate
ID0211,43,India,Hindi,Extrovert,Several times a week,Fantasy,Moderate
ID0212,25,India,Hindi,Ambivert,Weekly,Fantasy,Moderate
ID0213,52,India,Hindi,Ambivert,Weekly,Romance,Moderate
ID0214,48,India,Hindi,Ambivert,Several times a week,Mystery & Thriller,Moderate
ID0215,53,China,Mandarin Chinese,Ambivert,Several times a week,Self-Help,Low
ID0216,35,Indonesia,Indonesian,Ambivert,Several times a week,Science Fiction,Low
ID0217,75,Australia,English,Introvert,Several times a week,Poetry,Moderate
ID0218,73,United Kingdom,English,Ambivert,Monthly,Comics & Graphic Novels,Low
ID0219,27,Japan,Japanese,Extrovert,Weekly,Fantasy,Moderate
ID0220,50,Germany,German,Ambivert,Weekly,Science & Technology,Moderate
ID0221,53,Brazil,Portuguese,Extrovert,Monthly,Biography & Memoir,High
ID0222,46,Spain,Spanish,Ambivert,Daily,Mystery & Thriller,Moderate
ID0223,68,India,Hindi,Ambivert,Weekly,Biography & Memoir,Moderate
ID0224,60,India,Hindi,Ambivert,Several times a week,Biography & Memoir,High
ID0225,43,Germany,German,Extrovert,Several times a week,Fantasy,Moderate
ID0226,64,Japan,Japanese,Extrovert,Several times a week,Comics & Graphic Novels,High
ID0227,47,United Kingdom,English,Ambivert,Several times a week,Mystery & Thriller,Moderate
ID0228,35,China,Mandarin Chinese,Introvert,Rarely,Romance,Low
ID0229,75,Indonesia,Indonesian,Introvert,Several times a week,Mystery & Thriller,Moderate
ID0230,71,Spain,Spanish,Introvert,Weekly,Romance,Moderate
ID0231,22,Brazil,Portuguese,Introvert,Several times a week,Mystery & Thriller,Moderate
ID0232,70,South Africa,English,Ambivert,Weekly,Romance,Low
ID0233,50,South Africa,English,Extrovert,Daily,Biography & Memoir,Low
ID0234,55,United States,English,Extrovert,Rarely,Romance,Low
ID0235,47,Brazil,Portuguese,Extrovert,Rarely,History,High
ID0236,74,United Arab Emirates,Arabic,Extrovert,Several times a week,Self-Help,Moderate
ID0237,18,Nigeria,English,Ambivert,Weekly,Business,High
ID0238,70,Canada,English,Introvert,Rarely,Fantasy,High
ID0239,24,Mexico,Spanish,Introvert,Weekly,Biography & Memoir,Low
ID0240,41,Canada,English,Introvert,Daily,History,Moderate
ID0241,30,China,Mandarin Chinese,Extrovert,Weekly,Business,Moderate
ID0242,27,Brazil,Portuguese,Ambivert,Several times a week,Science Fiction,Moderate
ID0243,45,India,Hindi,Ambivert,Weekly,Self-Help,Low
ID0244,37,United States,English,Ambivert,Several times a week,Fantasy,Low
ID0245,74,Italy,Italian,Introvert,Rarely,Self-Help,Moderate
ID0246,19,Canada,English,Ambivert,Weekly,Fiction,Moderate
ID0247,67,India,Hindi,Extrovert,Several times a week,Romance,Moderate
ID0248,68,Canada,English,Extrovert,Several times a week,Mystery & Thriller,Moderate
ID0249,44,South Africa,English,Ambivert,Daily,Fantasy,High
ID0250,62,Spain,Spanish,Introvert,Weekly,Comics & Graphic Novels,Moderate
ID0251,35,India,Hindi,Ambivert,Monthly,Fantasy,Moderate
ID0252,18,Sweden,Swedish,Extrovert,Monthly,History,High
ID0253,41,Germany,German,Introvert,Weekly,Fiction,Moderate
ID0254,18,United Kingdom,English,Ambivert,Daily,Romance,Moderate
ID0255,33,India,Hindi,Introvert,Several times a week,Fantasy,Low
ID0256,50,Netherlands,Dutch,Ambivert,Monthly,History,Moderate
ID0257,54,India,Hindi,Introvert,Weekly,Science Fiction,Low
ID0258,41,Mexico,Spanish,Ambivert,Monthly,Fantasy,Low
ID0259,56,China,Mandarin Chinese,Ambivert,Several times a week,History,Moderate
ID0260,27,Germany,German,Ambivert,Daily,Science & Technology,Moderate
ID0261,33,India,Hindi,Extrovert,Several times a week,Fantasy,Low
ID0262,42,United Arab Emirates,Arabic,Ambivert,Weekly,Mystery & Thriller,Moderate
ID0263,57,United Kingdom,English,Ambivert,Daily,Business,Low
ID0264,30,Australia,English,Introvert,Daily,Mystery & Thriller,Moderate
ID0265,49,Canada,English,Introvert,Daily,Poetry,Low
ID0266,27,India,Hindi,Introvert,Several times a week,Mystery & Thriller,Moderate
ID0267,22,Germany,German,Ambivert,Monthly,Business,Moderate
ID0268,28,France,French,Introvert,Weekly,Business,Moderate
ID0269,22,India,Hindi,Extrovert,Monthly,Fiction,Low
ID0270,37,India,Hindi,Ambivert,Several times a week,Poetry,Moderate
ID0271,72,France,French,Introvert,Weekly,Fantasy,Moderate
ID0272,51,South Korea,Korean,Ambivert,Monthly,Fiction,Moderate
ID0273,61,India,Hindi,Ambivert,Several times a week,Science Fiction,High
ID0274,21,India,Hindi,Introvert,Weekly,Fantasy,Moderate
ID0275,30,South Africa,English,Ambivert,Weekly,Self-Help,Low
ID0276,39,Brazil,Portuguese,Ambivert,Weekly,Poetry,High
ID0277,26,India,Hindi,Ambivert,Daily,Business,Moderate
ID0278,21,Japan,Japanese,Introvert,Rarely,Self-Help,High
ID0279,51,South Africa,English,Ambivert,Monthly,Biography & Memoir,Moderate
ID0280,27,South Africa,English,Extrovert,Rarely,Fiction,Low
ID0281,54,Australia,English,Extrovert,Monthly,Self-Help,Moderate
ID0282,53,South Korea,Korean,Ambivert,Monthly,Mystery & Thriller,High
ID0283,20,Spain,Spanish,Ambivert,Several times a week,Science Fiction,Moderate
ID0284,55,United Kingdom,English,Ambivert,Weekly,Business,Moderate
ID0285,63,Spain,Spanish,Ambivert,Daily,Fantasy,Low
ID0286,63,Germany,German,Ambivert,Rarely,Mystery & Thriller,Moderate
ID0287,19,Canada,English,Introvert,Rarely,Self-Help,Low
ID0288,72,India,Hindi,Extrovert,Weekly,Fiction,Moderate
ID0289,56,Brazil,Portuguese,Ambivert,Several times a week,Biography & Memoir,High
ID0290,52,Canada,English,Ambivert,Weekly,Biography & Memoir,Low
ID0291,18,Brazil,Portuguese,Ambivert,Daily,Biography & Memoir,Moderate
ID0292,29,India,Hindi,Ambivert,Several times a week,Mystery & Thriller,High
ID0293,41,Nigeria,English,Ambivert,Weekly,Fiction,Moderate
ID0294,35,Nigeria,English,Ambivert,Weekly,History,Moderate
ID0295,64,Mexico,Spanish,Ambivert,Rarely,Mystery & Thriller,Moderate
ID0296,19,Canada,English,Ambivert,Weekly,Science Fiction,Moderate
ID0297,50,India,Hindi,Extrovert,Several times a week,Romance,High
ID0298,60,India,Hindi,Ambivert,Weekly,Fantasy,Moderate
ID0299,32,South Korea,Korean,Ambivert,Daily,Business,High
ID0300,29,United Arab Emirates,Arabic,Ambivert,Daily,Biography & Memoir,High
ID0301,65,Japan,Japanese,Ambivert,Several times a week,Fantasy,Moderate
ID0302,56,China,Mandarin Chinese,Ambivert,Several times a week,Mystery & Thriller,High
ID0303,56,Germany,German,Extrovert,Rarely,Science Fiction,High
ID0304,36,United Kingdom,English,Ambivert,Weekly,Mystery & Thriller,Moderate
ID0305,46,China,Mandarin Chinese,Ambivert,Daily,Science & Technology,Low
ID0306,37,China,Mandarin Chinese,Ambivert,Weekly,Romance,Low
ID0307,59,India,Hindi,Ambivert,Daily,Mystery & Thriller,High
ID0308,47,United States,English,Extrovert,Daily,Fantasy,Moderate
ID0309,37,India,Hindi,Ambivert,Monthly,Romance,Moderate
ID0310,70,India,Hindi,Ambivert,Several times a week,Mystery & Thriller,Moderate
ID0311,68,Mexico,Spanish,Introvert,Several times a week,Fantasy,High
ID0312,33,India,Hindi,Introvert,Weekly,Business,High
ID0313,29,Japan,Japanese,Ambivert,Daily,Mystery & Thriller,Low
ID0314,21,United States,English,Introvert,Monthly,Biography & Memoir,Moderate
ID0315,45,India,Hindi,Ambivert,Daily,Romance,Moderate
ID0316,35,Australia,English,Ambivert,Several times a week,History,Moderate
ID0317,75,United States,English,Extrovert,Weekly,Science Fiction,High
ID0318,56,Brazil,Portuguese,Ambivert,Several times a week,Poetry,Moderate
ID0319,34,Italy,Italian,Introvert,Weekly,Biography & Memoir,Moderate
ID0320,45,India,Hindi,Introvert,Daily,Biography & Memoir,Moderate
ID0321,36,United Kingdom,English,Extrovert,Weekly,Science & Technology,High
ID0322,47,United States,English,Ambivert,Weekly,Romance,Moderate
ID0323,61,Netherlands,Dutch,Ambivert,Rarely,Fantasy,Low
ID0324,65,India,Hindi,Ambivert,Weekly,Science Fiction,Moderate
ID0325,60,Italy,Italian,Extrovert,Weekly,Biography & Memoir,Low
ID0326,75,India,Hindi,Extrovert,Daily,Self-Help,Moderate
ID0327,53,Australia,English,Extrovert,Weekly,Fantasy,Moderate
ID0328,46,United States,English,Ambivert,Several times a week,Business,High
ID0329,43,Canada,English,Extrovert,Rarely,Science & Technology,Low
ID0330,18,Germany,German,Ambivert,Weekly,Fiction,Moderate
ID0331,33,Brazil,Portuguese,Extrovert,Weekly,Fantasy,High
ID0332,18,South Korea,Korean,Ambivert,Weekly,Fiction,Moderate
ID0333,53,Canada,English,Extrovert,Rarely,Romance,Moderate
ID0334,69,France,French,Extrovert,Daily,Romance,High
ID0335,50,Netherlands,Dutch,Ambivert,Several times a week,Fantasy,High
ID0336,39,Canada,English,Ambivert,Daily,Biography & Memoir,Moderate
ID0337,37,Germany,German,Extrovert,Weekly,Fantasy,High
ID0338,31,United States,English,Introvert,Monthly,Mystery & Thriller,Moderate
ID0339,34,Sweden,Swedish,Extrovert,Weekly,Fiction,Moderate
ID0340,33,United States,English,Introvert,Rarely,Biography & Memoir,Moderate
ID0341,73,South Africa,English,Ambivert,Weekly,Self-Help,High
ID0342,23,Germany,German,Ambivert,Several times a week,History,High
ID0343,22,Sweden,Swedish,Introvert,Monthly,Fantasy,Moderate
ID0344,44,United States,English,Extrovert,Daily,Business,Moderate
ID0345,27,France,French,Extrovert,Monthly,Biography & Memoir,Moderate
ID0346,70,South Korea,Korean,Extrovert,Several times a week,Fiction,Moderate
ID0347,72,United States,English,Ambivert,Monthly,Fiction,Low
ID0348,21,United States,English,Extrovert,Daily,Comics & Graphic Novels,Moderate
ID0349,48,India,Hindi,Extrovert,Rarely,Biography & Memoir,Moderate
ID0350,62,Nigeria,English,Introvert,Weekly,Romance,Moderate
ID0351,43,United Kingdom,English,Ambivert,Several times a week,Comics & Graphic Novels,High
ID0352,20,India,Hindi,Introvert,Several times a week,Mystery & Thriller,High
ID0353,55,United Kingdom,English,Introvert,Daily,Fiction,Low
ID0354,48,Mexico,Spanish,Ambivert,Several times a week,History,High
ID0355,34,Mexico,Spanish,Ambivert,Daily,Fantasy,High
ID0356,56,India,Hindi,Ambivert,Several times a week,Science & Technology,High
ID0357,64,Brazil,Portuguese,Ambivert,Daily,Self-Help,Moderate
ID0358,25,United States,English,Extrovert,Daily,Comics & Graphic Novels,High
ID0359,51,India,Hindi,Ambivert,Several times a week,History,Low
ID0360,20,Mexico,Spanish,Ambivert,Several times a week,Fantasy,High
ID0361,33,Mexico,Spanish,Ambivert,Monthly,Fiction,Moderate
ID0362,73,United Kingdom,English,Ambivert,Several times a week,Fiction,High
ID0363,52,Brazil,Portuguese,Ambivert,Several times a week,Science Fiction,High
ID0364,65,Canada,English,Ambivert,Weekly,Fantasy,Moderate
ID0365,22,Canada,English,Introvert,Weekly,Fantasy,Moderate
ID0366,29,United States,English,Introvert,Several times a week,Romance,Moderate
ID0367,25,United States,English,Introvert,Several times a week,Biography & Memoir,High
ID0368,59,Australia,English,Ambivert,Several times a week,Self-Help,Moderate
ID0369,43,India,Hindi,Introvert,Rarely,Science Fiction,Moderate
ID0370,33,Brazil,Portuguese,Introvert,Monthly,Poetry,Low
ID0371,44,United Kingdom,English,Ambivert,Several times a week,Romance,High
ID0372,42,India,Hindi,Ambivert,Monthly,Biography & Memoir,High
ID0373,57,India,Hindi,Introvert,Several times a week,Self-Help,Moderate
ID0374,42,Mexico,Spanish,Introvert,Daily,Fantasy,Moderate
ID0375,60,Japan,Japanese,Ambivert,Weekly,Romance,Moderate
ID0376,35,Australia,English,Ambivert,Daily,Science Fiction,Moderate
ID0377,58,India,Hindi,Ambivert,Rarely,Science Fiction,Moderate
ID0378,32,India,Hindi,Ambivert,Monthly,Business,High
ID0379,21,United States,English,Introvert,Weekly,Science Fiction,Moderate
ID0380,33,South Africa,English,Introvert,Several times a week,Fantasy,Moderate
ID0381,25,Mexico,Spanish,Ambivert,Monthly,Science Fiction,Moderate
ID0382,42,Brazil,Portuguese,Ambivert,Weekly,Mystery & Thriller,High
ID0383,24,India,Hindi,Introvert,Several times a week,Poetry,Moderate
ID0384,60,Sweden,Swedish,Extrovert,Rarely,Mystery & Thriller,Low
ID0385,70,United Arab Emirates,Arabic,Introvert,Daily,Fantasy,High
ID0386,32,India,Hindi,Extrovert,Several times a week,Fantasy,Low
ID0387,34,United States,English,Ambivert,Weekly,History,High
ID0388,54,Australia,English,Ambivert,Monthly,Romance,High
ID0389,42,France,French,Extrovert,Monthly,Mystery & Thriller,High
ID0390,55,France,French,Ambivert,Several times a week,Mystery & Thriller,Moderate
ID0391,40,United Kingdom,English,Extrovert,Weekly,Biography & Memoir,Moderate
ID0392,39,France,French,Introvert,Weekly,History,High
ID0393,40,Mexico,Spanish,Extrovert,Daily,Romance,High
ID0394,62,United States,English,Extrovert,Monthly,Mystery & Thriller,Moderate
ID0395,73,France,French,Ambivert,Monthly,Fiction,Low
ID0396,21,South Korea,Korean,Ambivert,Several times a week,Business,Moderate
ID0397,22,India,Hindi,Ambivert,Rarely,Fiction,Low
ID0398,22,Brazil,Portuguese,Introvert,Several times a week,Business,High
ID0399,26,Mexico,Spanish,Introvert,Weekly,Fiction,Moderate
ID0400,52,United States,English,Extrovert,Rarely,Biography & Memoir,Low
ID0401,30,Germany,German,Extrovert,Several times a week,History,Moderate
ID0402,28,Canada,English,Extrovert,Daily,Mystery & Thriller,Low
ID0403,19,United Kingdom,English,Introvert,Monthly,Mystery & Thriller,Low
ID0404,75,India,Hindi,Introvert,Monthly,History,High
ID0405,43,United States,English,Introvert,Daily,Science & Technology,High
ID0406,70,India,Hindi,Ambivert,Weekly,Business,High
ID0407,57,India,Hindi,Ambivert,Several times a week,Mystery & Thriller,Low
ID0408,51,United Kingdom,English,Ambivert,Daily,Fantasy,Moderate
ID0409,35,China,Mandarin Chinese,Introvert,Daily,Fantasy,Low
ID0410,40,Australia,English,Extrovert,Daily,Science Fiction,Low
ID0411,57,Germany,German,Introvert,Daily,Romance,Moderate
ID0412,45,Nigeria,English,Ambivert,Weekly,Comics & Graphic Novels,Moderate
ID0413,64,United States,English,Introvert,Several times a week,History,Moderate
ID0414,30,Canada,English,Ambivert,Rarely,Science Fiction,Moderate
ID0415,29,China,Mandarin Chinese,Ambivert,Rarely,Science & Technology,Moderate
ID0416,71,India,Hindi,Ambivert,Several times a week,Fiction,Moderate
ID0417,53,India,Hindi,Introvert,Weekly,Comics & Graphic Novels,Moderate
ID0418,52,Nigeria,English,Introvert,Several times a week,Biography & Memoir,Moderate
ID0419,56,Canada,English,Extrovert,Daily,Science Fiction,Low
ID0420,67,United States,English,Ambivert,Daily,Comics & Graphic Novels,High
ID0421,55,China,Mandarin Chinese,Ambivert,Weekly,Mystery & Thriller,High
ID0422,57,United Kingdom,English,Ambivert,Weekly,Poetry,Moderate
ID0423,75,South Korea,Korean,Ambivert,Weekly,Fiction,Moderate
ID0424,40,India,Hindi,Ambivert,Several times a week,Science Fiction,High
ID0425,40,United Kingdom,English,Extrovert,Several times a week,Science & Technology,Moderate
ID0426,69,Sweden,Swedish,Extrovert,Weekly,Biography & Memoir,High
ID0427,39,India,Hindi,Ambivert,Several times a week,Comics & Graphic Novels,High
ID0428,44,Sweden,Swedish,Introvert,Several times a week,Fantasy,Low
ID0429,60,Canada,English,Ambivert,Weekly,Fiction,High
ID0430,32,India,Hindi,Introvert,Several times a week,Biography & Memoir,High
ID0431,52,United Arab Emirates,Arabic,Introvert,Weekly,Comics & Graphic Novels,Moderate
ID0432,47,China,Mandarin Chinese,Introvert,Weekly,Fantasy,Moderate
ID0433,35,India,Hindi,Ambivert,Weekly,History,Moderate
ID0434,74,United Arab Emirates,Arabic,Ambivert,Monthly,Fiction,High
ID0435,19,India,Hindi,Ambivert,Weekly,Business,Low
ID0436,31,South Korea,Korean,Extrovert,Several times a week,Fantasy,Moderate
ID0437,43,Canada,English,Ambivert,Several times a week,Fiction,High
ID0438,67,India,Hindi,Ambivert,Weekly,Fiction,High
ID0439,75,China,Mandarin Chinese,Ambivert,Daily,Romance,High
ID0440,39,Japan,Japanese,Extrovert,Daily,Fantasy,Low
ID0441,56,India,Hindi,Ambivert,Daily,Fiction,Low
ID0442,69,India,Hindi,Extrovert,Rarely,Biography & Memoir,High
ID0443,71,Canada,English,Ambivert,Weekly,Romance,Moderate
ID0444,49,India,Hindi,Ambivert,Daily,Fiction,Low
ID0445,63,India,Hindi,Ambivert,Several times a week,Fantasy,High
ID0446,18,Italy,Italian,Ambivert,Monthly,Business,Moderate
ID0447,66,Nigeria,English,Extrovert,Weekly,Poetry,Moderate
ID0448,31,United States,English,Introvert,Daily,Fantasy,Moderate
ID0449,50,Australia,English,Introvert,Several times a week,Comics & Graphic Novels,Low
ID0450,56,India,Hindi,Introvert,Weekly,Mystery & Thriller,High
ID0451,53,India,Hindi,Extrovert,Rarely,Comics & Graphic Novels,Moderate
ID0452,61,India,Hindi,Extrovert,Monthly,Science Fiction,High
ID0453,62,United Arab Emirates,Arabic,Extrovert,Daily,Business,Moderate
ID0454,56,United States,English,Ambivert,Several times a week,Fantasy,Moderate
ID0455,52,Germany,German,Ambivert,Weekly,Business,Low
ID0456,33,Indonesia,Indonesian,Introvert,Daily,Fiction,Moderate
ID0457,24,India,Hindi,Introvert,Several times a week,Biography & Memoir,Moderate
ID0458,74,United Kingdom,English,Ambivert,Several times a week,Self-Help,High
ID0459,19,China,Mandarin Chinese,Extrovert,Monthly,Biography & Memoir,Moderate
ID0460,73,India,Hindi,Ambivert,Daily,Business,Moderate
ID0461,42,South Africa,English,Introvert,Daily,Fiction,High
ID0462,58,Italy,Italian,Ambivert,Several times a week,Fiction,Low
ID0463,61,Japan,Japanese,Extrovert,Weekly,Science Fiction,Moderate
ID0464,27,United States,English,Ambivert,Monthly,Fiction,Low
ID0465,53,Spain,Spanish,Ambivert,Several times a week,Fiction,High
ID0466,70,United States,English,Ambivert,Daily,Self-Help,Moderate
ID0467,60,Canada,English,Introvert,Daily,Science Fiction,Low
ID0468,57,China,Mandarin Chinese,Extrovert,Several times a week,Mystery & Thriller,Low
ID0469,23,Netherlands,Dutch,Extrovert,Several times a week,Mystery & Thriller,Moderate
ID0470,62,Mexico,Spanish,Ambivert,Rarely,Science & Technology,Moderate
ID0471,75,United States,English,Ambivert,Weekly,Science Fiction,High
ID0472,72,Brazil,Portuguese,Extrovert,Several times a week,Self-Help,Moderate
ID0473,61,India,Hindi,Introvert,Several times a week,Business,Moderate
ID0474,51,Nigeria,English,Ambivert,Several times a week,Fantasy,Moderate
ID0475,24,Italy,Italian,Ambivert,Several times a week,Biography & Memoir,Low
ID0476,48,United States,English,Introvert,Weekly,Science Fiction,Low
ID0477,51,France,French,Ambivert,Daily,Self-Help,High
ID0478,70,India,Hindi,Introvert,Weekly,Mystery & Thriller,High
ID0479,41,Brazil,Portuguese,Ambivert,Weekly,Biography & Memoir,Moderate
ID0480,47,United States,English,Introvert,Rarely,Mystery & Thriller,Moderate
ID0481,62,United Kingdom,English,Extrovert,Daily,Business,High
ID0482,66,India,Hindi,Introvert,Weekly,Self-Help,Moderate
ID0483,47,United States,English,Ambivert,Weekly,Business,High
ID0484,72,Brazil,Portuguese,Introvert,Weekly,Fantasy,Moderate
ID0485,39,India,Hindi,Ambivert,Rarely,Business,Moderate
ID0486,31,India,Hindi,Ambivert,Daily,Fantasy,High
ID0487,55,China,Mandarin Chinese,Ambivert,Weekly,Romance,Moderate
ID0488,42,United States,English,Extrovert,Weekly,Fantasy,Low
ID0489,54,Canada,English,Introvert,Several times a week,Fantasy,Moderate
ID0490,18,South Africa,English,Extrovert,Monthly,Mystery & Thriller,Moderate
ID0491,41,Italy,Italian,Extrovert,Daily,Fiction,High
ID0492,62,United States,English,Extrovert,Daily,Science Fiction,Moderate
ID0493,61,South Africa,English,Ambivert,Daily,Self-Help,Moderate
ID0494,54,Japan,Japanese,Extrovert,Several times a week,History,Moderate
ID0495,25,Australia,English,Extrovert,Daily,Mystery & Thriller,High
ID0496,51,United States,English,Extrovert,Weekly,Biography & Memoir,High
ID0497,34,Mexico,Spanish,Introvert,Monthly,Fiction,High
ID0498,46,United Kingdom,English,Ambivert,Weekly,Biography & Memoir,Low
ID0499,60,Japan,Japanese,Ambivert,Daily,Mystery & Thriller,Moderate
ID0500,22,Japan,Japanese,Ambivert,Several times a week,Romance,Moderate
ID0501,22,India,Hindi,Extrovert,Weekly,Fantasy,Moderate
ID0502,44,United States,English,Introvert,Weekly,Fiction,High
ID0503,32,United Kingdom,English,Introvert,Monthly,History,Moderate
ID0504,68,Germany,German,Extrovert,Daily,Comics & Graphic Novels,High
ID0505,63,Nigeria,English,Extrovert,Several times a week,Fiction,Moderate
ID0506,46,Brazil,Portuguese,Extrovert,Monthly,Poetry,Moderate
ID0507,69,Nigeria,English,Introvert,Several times a week,Science Fiction,Moderate
ID0508,63,Brazil,Portuguese,Ambivert,Several times a week,History,Moderate
ID0509,71,Mexico,Spanish,Ambivert,Weekly,Fantasy,High
ID0510,32,France,French,Extrovert,Monthly,Business,Moderate
ID0511,49,India,Hindi,Introvert,Several times a week,Science Fiction,High
ID0512,68,United States,English,Introvert,Weekly,Business,High
ID0513,47,United States,English,Introvert,Daily,Mystery & Thriller,Moderate
ID0514,61,France,French,Ambivert,Weekly,Romance,Moderate
ID0515,19,Germany,German,Ambivert,Rarely,Fiction,Moderate
ID0516,36,India,Hindi,Ambivert,Several times a week,Mystery & Thriller,Moderate
ID0517,31,India,Hindi,Ambivert,Several times a week,Fiction,Moderate
ID0518,35,United Arab Emirates,Arabic,Introvert,Monthly,Business,Moderate
ID0519,65,United States,English,Extrovert,Several times a week,Science Fiction,Moderate
ID0520,50,France,French,Ambivert,Daily,Fantasy,Moderate
ID0521,35,India,Hindi,Introvert,Daily,Fiction,Moderate
ID0522,27,India,Hindi,Introvert,Several times a week,Self-Help,High
ID0523,33,India,Hindi,Ambivert,Weekly,Science Fiction,Low
ID0524,38,South Africa,English,Introvert,Weekly,Biography & Memoir,High
ID0525,52,Indonesia,Indonesian,Ambivert,Monthly,Romance,Moderate
ID0526,47,France,French,Ambivert,Several times a week,Fantasy,Low
ID0527,46,India,Hindi,Introvert,Several times a week,Mystery & Thriller,Moderate
ID0528,74,France,French,Ambivert,Monthly,History,Moderate
ID0529,60,United States,English,Ambivert,Daily,Comics & Graphic Novels,Low
ID0530,44,Germany,German,Ambivert,Rarely,Science Fiction,High
ID0531,63,United States,English,Ambivert,Several times a week,Biography & Memoir,Moderate
ID0532,45,India,Hindi,Extrovert,Several times a week,Fantasy,Moderate
ID0533,38,Brazil,Portuguese,Ambivert,Several times a week,Fiction,Moderate
ID0534,73,China,Mandarin Chinese,Extrovert,Weekly,Self-Help,High
ID0535,52,Canada,English,Ambivert,Weekly,Romance,Moderate
ID0536,72,Japan,Japanese,Introvert,Rarely,Romance,High
ID0537,31,Italy,Italian,Introvert,Several times a week,Mystery & Thriller,Moderate
ID0538,74,Australia,English,Extrovert,Several times a week,Self-Help,High
ID0539,22,India,Hindi,Introvert,Daily,Self-Help,High
ID0540,68,China,Mandarin Chinese,Extrovert,Daily,Fiction,Moderate
ID0541,64,United States,English,Ambivert,Several times a week,Fiction,Moderate
ID0542,53,Spain,Spanish,Extrovert,Several times a week,Fiction,High
ID0543,24,Sweden,Swedish,Ambivert,Monthly,Self-Help,Moderate
ID0544,56,Germany,German,Ambivert,Weekly,Self-Help,High
ID0545,35,Indonesia,Indonesian,Ambivert,Rarely,Mystery & Thriller,Moderate
ID0546,34,Germany,German,Introvert,Rarely,Self-Help,Low
ID0547,24,United Kingdom,English,Introvert,Weekly,History,Moderate
ID0548,19,Mexico,Spanish,Extrovert,Monthly,Fiction,High
ID0549,44,United States,English,Introvert,Several times a week,Science Fiction,Low
ID0550,20,United States,English,Ambivert,Daily,Fiction,Moderate
ID0551,23,South Korea,Korean,Ambivert,Several times a week,Science Fiction,High
ID0552,51,South Korea,Korean,Extrovert,Monthly,Fantasy,Moderate
ID0553,58,Netherlands,Dutch,Extrovert,Weekly,Fiction,High
ID0554,68,Spain,Spanish,Extrovert,Weekly,Biography & Memoir,High
ID0555,50,Australia,English,Introvert,Monthly,Mystery & Thriller,Moderate
ID0556,41,United States,English,Ambivert,Several times a week,Mystery & Thriller,High
ID0557,23,United States,English,Introvert,Several times a week,Romance,Moderate
ID0558,22,Germany,German,Introvert,Monthly,Fiction,Moderate
ID0559,66,Brazil,Portuguese,Ambivert,Several times a week,Fantasy,High
ID0560,66,India,Hindi,Extrovert,Rarely,Romance,Low
ID0561,52,United Arab Emirates,Arabic,Extrovert,Daily,Mystery & Thriller,Moderate
ID0562,65,United Kingdom,English,Extrovert,Several times a week,Fiction,High
ID0563,72,India,Hindi,Introvert,Daily,Romance,Low
ID0564,24,India,Hindi,Ambivert,Several times a week,Fantasy,Moderate
ID0565,22,South Korea,Korean,Introvert,Rarely,Fiction,High
ID0566,49,India,Hindi,Extrovert,Daily,Fiction,Low
ID0567,23,China,Mandarin Chinese,Ambivert,Weekly,Fantasy,High
ID0568,29,India,Hindi,Extrovert,Several times a week,Romance,Low
ID0569,64,Germany,German,Ambivert,Daily,Mystery & Thriller,High
ID0570,52,Brazil,Portuguese,Ambivert,Rarely,History,Moderate
ID0571,63,Japan,Japanese,Ambivert,Daily,Biography & Memoir,Moderate
ID0572,55,Canada,English,Introvert,Several times a week,History,Low
ID0573,46,Indonesia,Indonesian,Ambivert,Several times a week,Biography & Memoir,Moderate
ID0574,68,India,Hindi,Ambivert,Several times a week,Romance,High
ID0575,35,Brazil,Portuguese,Introvert,Weekly,Fantasy,Low
ID0576,48,Japan,Japanese,Introvert,Daily,Biography & Memoir,High
ID0577,73,India,Hindi,Ambivert,Daily,History,High
ID0578,50,India,Hindi,Ambivert,Several times a week,Fiction,Moderate
ID0579,70,South Korea,Korean,Ambivert,Several times a week,Mystery & Thriller,Moderate
ID0580,46,China,Mandarin Chinese,Ambivert,Daily,Fiction,High
ID0581,35,Australia,English,Introvert,Weekly,Romance,Low
ID0582,67,Brazil,Portuguese,Ambivert,Weekly,Science Fiction,High
ID0583,55,United States,English,Ambivert,Daily,Biography & Memoir,Moderate
ID0584,55,United States,English,Introvert,Daily,Comics & Graphic Novels,Moderate
ID0585,57,United States,English,Introvert,Weekly,Poetry,High
ID0586,65,Australia,English,Introvert,Monthly,Fiction,High
ID0587,49,India,Hindi,Introvert,Weekly,Fiction,Moderate
ID0588,70,Spain,Spanish,Introvert,Several times a week,Comics & Graphic Novels,Moderate
ID0589,51,United States,English,Extrovert,Weekly,Biography & Memoir,Low
ID0590,35,India,Hindi,Extrovert,Weekly,Fiction,High
ID0591,42,Mexico,Spanish,Introvert,Rarely,Fiction,Low
ID0592,71,Nigeria,English,Introvert,Weekly,Science Fiction,High
ID0593,63,United States,English,Ambivert,Several times a week,Biography & Memoir,Moderate
ID0594,66,Brazil,Portuguese,Ambivert,Weekly,Biography & Memoir,Moderate
ID0595,45,India,Hindi,Ambivert,Several times a week,Poetry,Moderate
ID0596,48,South Korea,Korean,Introvert,Several times a week,Fiction,Moderate
ID0597,58,Australia,English,Extrovert,Daily,Fantasy,Low
ID0598,61,Germany,German,Extrovert,Daily,Fiction,Low
ID0599,22,India,Hindi,Introvert,Several times a week,History,Moderate
ID0600,73,Nigeria,English,Introvert,Weekly,Fiction,Low
ID0601,44,Indonesia,Indonesian,Extrovert,Several times a week,Mystery & Thriller,Moderate
ID0602,25,India,Hindi,Ambivert,Monthly,History,High
ID0603,40,China,Mandarin Chinese,Introvert,Several times a week,Romance,Moderate
ID0604,26,Canada,English,Introvert,Several times a week,Fantasy,Moderate
ID0605,44,South Korea,Korean,Ambivert,Several times a week,Romance,Moderate
ID0606,24,India,Hindi,Introvert,Monthly,Mystery & Thriller,Low
ID0607,43,Australia,English,Introvert,Daily,Mystery & Thriller,Moderate
ID0608,36,China,Mandarin Chinese,Ambivert,Daily,Science Fiction,Moderate
ID0609,45,India,Hindi,Introvert,Monthly,Fantasy,High
ID0610,72,Nigeria,English,Extrovert,Several times a week,Fiction,High
ID0611,67,Indonesia,Indonesian,Ambivert,Daily,Fiction,Moderate
ID0612,35,United Kingdom,English,Extrovert,Rarely,Romance,Moderate
ID0613,38,United Kingdom,English,Extrovert,Several times a week,Self-Help,Moderate
ID0614,40,South Africa,English,Extrovert,Daily,Self-Help,Low
ID0615,72,India,Hindi,Introvert,Daily,Mystery & Thriller,Low
ID0616,31,Italy,Italian,Ambivert,Rarely,Self-Help,High
ID0617,36,China,Mandarin Chinese,Introvert,Monthly,Mystery & Thriller,High
ID0618,74,Nigeria,English,Ambivert,Daily,Comics & Graphic Novels,Low
ID0619,56,Mexico,Spanish,Introvert,Daily,Fiction,High
ID0620,19,France,French,Introvert,Several times a week,Fiction,High
ID0621,58,Netherlands,Dutch,Introvert,Rarely,Romance,Low
ID0622,40,China,Mandarin Chinese,Introvert,Weekly,Business,Moderate
ID0623,63,France,French,Ambivert,Weekly,Fiction,High
ID0624,29,Sweden,Swedish,Ambivert,Weekly,Fiction,High
ID0625,43,Italy,Italian,Extrovert,Several times a week,Fantasy,Moderate
ID0626,18,Spain,Spanish,Extrovert,Weekly,Biography & Memoir,Moderate
ID0627,74,Brazil,Portuguese,Ambivert,Daily,Fiction,Low
ID0628,46,United Kingdom,English,Extrovert,Weekly,Business,High
ID0629,69,United States,English,Extrovert,Weekly,Fiction,Moderate
ID0630,38,Canada,English,Introvert,Daily,Comics & Graphic Novels,Low
ID0631,24,France,French,Introvert,Weekly,Biography & Memoir,Moderate
ID0632,61,United Kingdom,English,Introvert,Daily,Biography & Memoir,High
ID0633,41,Sweden,Swedish,Extrovert,Several times a week,Science Fiction,Low
ID0634,57,United States,English,Ambivert,Weekly,Fiction,Moderate
ID0635,44,United Kingdom,English,Ambivert,Daily,Self-Help,Moderate
ID0636,61,India,Hindi,Ambivert,Several times a week,Self-Help,Moderate
ID0637,44,Netherlands,Dutch,Extrovert,Weekly,Fantasy,Low
ID0638,56,Italy,Italian,Introvert,Monthly,Mystery & Thriller,Moderate
ID0639,29,Germany,German,Ambivert,Several times a week,Science Fiction,Low
ID0640,26,China,Mandarin Chinese,Introvert,Several times a week,Science Fiction,High
ID0641,25,United States,English,Ambivert,Rarely,Biography & Memoir,Low
ID0642,23,Spain,Spanish,Extrovert,Weekly,Fiction,Moderate
ID0643,51,India,Hindi,Ambivert,Weekly,Mystery & Thriller,Moderate
ID0644,41,Canada,English,Introvert,Weekly,Fiction,Moderate
ID0645,41,India,Hindi,Ambivert,Several times a week,Fiction,High
ID0646,51,India,Hindi,Extrovert,Daily,Comics & Graphic Novels,High
ID0647,57,Japan,Japanese,Extrovert,Weekly,Self-Help,Moderate
ID0648,73,Australia,English,Extrovert,Several times a week,Fiction,High
ID0649,73,India,Hindi,Introvert,Weekly,Comics & Graphic Novels,Low
ID0650,47,Spain,Spanish,Ambivert,Monthly,Poetry,Moderate
ID0651,56,Mexico,Spanish,Ambivert,Several times a week,Mystery & Thriller,Moderate
ID0652,32,United Arab Emirates,Arabic,Extrovert,Daily,Mystery & Thriller,Moderate
ID0653,37,France,French,Extrovert,Weekly,Romance,High
ID0654,66,South Korea,Korean,Ambivert,Several times a week,Fantasy,Moderate
ID0655,56,United States,English,Ambivert,Daily,Fiction,High
ID0656,70,Spain,Spanish,Extrovert,Daily,Fiction,Low
ID0657,74,South Africa,English,Ambivert,Rarely,Romance,Moderate
ID0658,23,Australia,English,Introvert,Monthly,Self-Help,Moderate
ID0659,28,India,Hindi,Ambivert,Monthly,Fantasy,Moderate
ID0660,18,Spain,Spanish,Ambivert,Daily,History,Low
ID0661,51,India,Hindi,Introvert,Weekly,Romance,Moderate
ID0662,41,Spain,Spanish,Introvert,Daily,Science Fiction,Moderate
ID0663,19,United Arab Emirates,Arabic,Ambivert,Monthly,Mystery & Thriller,Low
ID0664,41,South Africa,English,Introvert,Weekly,Self-Help,High
ID0665,25,India,Hindi,Introvert,Several times a week,Self-Help,Moderate
ID0666,50,South Korea,Korean,Introvert,Daily,Mystery & Thriller,Moderate
ID0667,69,China,Mandarin Chinese,Extrovert,Weekly,Science Fiction,Moderate
ID0668,19,China,Mandarin Chinese,Ambivert,Monthly,Fiction,High
ID0669,45,United States,English,Ambivert,Monthly,History,High
ID0670,27,Nigeria,English,Introvert,Monthly,Business,Moderate
ID0671,44,United States,English,Ambivert,Weekly,History,High
ID0672,38,India,Hindi,Introvert,Several times a week,Mystery & Thriller,Moderate
ID0673,43,Germany,German,Ambivert,Several times a week,History,High
ID0674,67,India,Hindi,Ambivert,Rarely,Mystery & Thriller,Moderate
ID0675,19,Sweden,Swedish,Ambivert,Several times a week,Poetry,Moderate
ID0676,70,India,Hindi,Extrovert,Daily,Biography & Memoir,Moderate
ID0677,48,United Arab Emirates,Arabic,Introvert,Daily,Fantasy,Moderate
ID0678,50,China,Mandarin Chinese,Ambivert,Several times a week,Mystery & Thriller,High
ID0679,63,India,Hindi,Extrovert,Weekly,Fiction,Moderate
ID0680,63,India,Hindi,Introvert,Weekly,Fiction,High
ID0681,28,India,Hindi,Extrovert,Weekly,Science Fiction,Moderate
ID0682,67,India,Hindi,Introvert,Daily,Mystery & Thriller,Moderate
ID0683,48,India,Hindi,Introvert,Monthly,Fiction,High
ID0684,33,Nigeria,English,Introvert,Several times a week,Fiction,Moderate
ID0685,50,South Africa,English,Introvert,Rarely,Fiction,Moderate
ID0686,37,India,Hindi,Extrovert,Several times a week,Science Fiction,Moderate
ID0687,22,United Arab Emirates,Arabic,Ambivert,Monthly,Fiction,High
ID0688,48,Nigeria,English,Extrovert,Weekly,Business,Moderate
ID0689,19,South Korea,Korean,Ambivert,Daily,Comics & Graphic Novels,Low
ID0690,22,South Korea,Korean,Introvert,Weekly,Fiction,High
ID0691,27,Australia,English,Introvert,Monthly,History,Moderate
ID0692,38,Australia,English,Ambivert,Several times a week,Mystery & Thriller,Moderate
ID0693,73,France,French,Introvert,Daily,Self-Help,High
ID0694,28,India,Hindi,Ambivert,Daily,Fantasy,High
ID0695,68,United Arab Emirates,Arabic,Introvert,Daily,Poetry,Moderate
ID0696,72,Australia,English,Ambivert,Weekly,Science Fiction,Low
ID0697,36,India,Hindi,Extrovert,Several times a week,Business,Low
ID0698,36,Brazil,Portuguese,Extrovert,Weekly,Business,Moderate
ID0699,61,Spain,Spanish,Extrovert,Weekly,Science Fiction,High
ID0700,63,United Kingdom,English,Introvert,Several times a week,Romance,Moderate
ID0701,63,India,Hindi,Ambivert,Monthly,Biography & Memoir,High
ID0702,42,United States,English,Ambivert,Daily,Comics & Graphic Novels,Low
ID0703,37,Germany,German,Introvert,Weekly,Romance,Moderate
ID0704,51,Canada,English,Ambivert,Weekly,Fantasy,Moderate
ID0705,30,Spain,Spanish,Introvert,Several times a week,Biography & Memoir,Moderate
ID0706,39,Australia,English,Ambivert,Several times a week,Fiction,Moderate
ID0707,39,Canada,English,Introvert,Daily,Science Fiction,High
ID0708,30,India,Hindi,Ambivert,Daily,Fantasy,Moderate
ID0709,19,Japan,Japanese,Ambivert,Weekly,Mystery & Thriller,High
ID0710,61,United Kingdom,English,Ambivert,Several times a week,Fiction,Moderate
ID0711,45,India,Hindi,Ambivert,Rarely,Fiction,Low
ID0712,68,Spain,Spanish,Ambivert,Several times a week,Mystery & Thriller,Moderate
ID0713,66,United Kingdom,English,Ambivert,Weekly,Mystery & Thriller,Moderate
ID0714,60,Mexico,Spanish,Ambivert,Monthly,Fiction,High
ID0715,46,India,Hindi,Ambivert,Weekly,Mystery & Thriller,Moderate
ID0716,20,Indonesia,Indonesian,Extrovert,Rarely,Fantasy,Moderate
ID0717,64,Nigeria,English,Introvert,Several times a week,Romance,Low
ID0718,68,India,Hindi,Ambivert,Weekly,Science Fiction,Moderate
ID0719,34,India,Hindi,Extrovert,Daily,History,Moderate
ID0720,65,United Kingdom,English,Ambivert,Several times a week,Biography & Memoir,High
ID0721,47,South Africa,English,Extrovert,Daily,Mystery & Thriller,High
ID0722,31,Canada,English,Introvert,Monthly,Romance,High
ID0723,29,United Kingdom,English,Introvert,Several times a week,Fiction,High
ID0724,20,India,Hindi,Ambivert,Monthly,Mystery & Thriller,Moderate
ID0725,44,India,Hindi,Extrovert,Several times a week,Romance,Moderate
ID0726,29,Nigeria,English,Ambivert,Several times a week,History,High
ID0727,18,United States,English,Ambivert,Daily,Fantasy,Moderate
ID0728,57,India,Hindi,Ambivert,Rarely,Business,Moderate
ID0729,73,Netherlands,Dutch,Extrovert,Weekly,Poetry,Low
ID0730,62,China,Mandarin Chinese,Introvert,Monthly,Fiction,Low
ID0731,42,Mexico,Spanish,Extrovert,Daily,Fiction,Low
ID0732,25,Brazil,Portuguese,Introvert,Several times a week,History,High
ID0733,66,India,Hindi,Ambivert,Daily,Science Fiction,High
ID0734,49,Brazil,Portuguese,Introvert,Rarely,Fantasy,High
ID0735,32,India,Hindi,Introvert,Several times a week,Fiction,Low
ID0736,56,Germany,German,Ambivert,Several times a week,Business,High
ID0737,44,China,Mandarin Chinese,Introvert,Several times a week,Self-Help,Moderate
ID0738,19,United States,English,Introvert,Weekly,Romance,Moderate
ID0739,18,Japan,Japanese,Ambivert,Several times a week,Fantasy,High
ID0740,74,India,Hindi,Extrovert,Several times a week,Romance,Low
ID0741,44,India,Hindi,Ambivert,Several times a week,Science & Technology,Moderate
ID0742,65,China,Mandarin Chinese,Ambivert,Daily,Fiction,Moderate
ID0743,28,United States,English,Introvert,Daily,Mystery & Thriller,High
ID0744,54,United States,English,Ambivert,Daily,Romance,Moderate
ID0745,18,India,Hindi,Extrovert,Several times a week,Business,Moderate
ID0746,20,United States,English,Ambivert,Monthly,Mystery & Thriller,High
ID0747,18,Australia,English,Ambivert,Weekly,Self-Help,Low
ID0748,62,India,Hindi,Ambivert,Weekly,Fantasy,High
ID0749,54,South Korea,Korean,Ambivert,Rarely,Fiction,Moderate
ID0750,57,Australia,English,Introvert,Daily,Science & Technology,High
ID0751,64,Nigeria,English,Introvert,Several times a week,Fantasy,High
ID0752,60,India,Hindi,Introvert,Several times a week,Fiction,High
ID0753,51,United States,English,Ambivert,Monthly,Romance,Moderate
ID0754,20,Canada,English,Extrovert,Several times a week,Self-Help,Moderate
ID0755,67,Mexico,Spanish,Introvert,Daily,Romance,Moderate
ID0756,66,China,Mandarin Chinese,Introvert,Weekly,Biography & Memoir,Moderate
ID0757,61,United States,English,Ambivert,Weekly,Fiction,Moderate
ID0758,34,Italy,Italian,Extrovert,Daily,Fiction,High
ID0759,75,Mexico,Spanish,Extrovert,Weekly,Romance,Low
ID0760,26,India,Hindi,Introvert,Weekly,Science Fiction,Moderate
ID0761,33,Canada,English,Ambivert,Daily,Mystery & Thriller,High
ID0762,18,South Africa,English,Introvert,Rarely,Mystery & Thriller,Moderate
ID0763,46,India,Hindi,Ambivert,Daily,Fiction,High
ID0764,39,India,Hindi,Ambivert,Rarely,Science Fiction,Moderate
ID0765,42,Italy,Italian,Ambivert,Weekly,History,High
ID0766,69,Spain,Spanish,Introvert,Rarely,Fiction,Low
ID0767,64,Spain,Spanish,Ambivert,Weekly,Fantasy,Moderate
ID0768,61,France,French,Extrovert,Daily,Fiction,Moderate
ID0769,43,Germany,German,Ambivert,Monthly,Comics & Graphic Novels,Low
ID0770,43,United States,English,Ambivert,Weekly,Biography & Memoir,High
ID0771,53,India,Hindi,Extrovert,Daily,History,High
ID0772,22,United States,English,Introvert,Monthly,Science & Technology,High
ID0773,53,India,Hindi,Ambivert,Weekly,Biography & Memoir,Moderate
ID0774,56,India,Hindi,Ambivert,Weekly,Science Fiction,High
ID0775,54,United Arab Emirates,Arabic,Ambivert,Daily,Science & Technology,High
ID0776,62,India,Hindi,Ambivert,Daily,Self-Help,High
ID0777,20,India,Hindi,Ambivert,Weekly,Romance,High
ID0778,18,Brazil,Portuguese,Ambivert,Several times a week,Romance,High
ID0779,66,France,French,Extrovert,Rarely,Business,Moderate
ID0780,71,Netherlands,Dutch,Ambivert,Several times a week,Biography & Memoir,Moderate
ID0781,73,China,Mandarin Chinese,Extrovert,Several times a week,History,Low
ID0782,30,United States,English,Ambivert,Weekly,History,Moderate
ID0783,39,Japan,Japanese,Introvert,Monthly,Fiction,Moderate
ID0784,50,United States,English,Ambivert,Monthly,Business,High
ID0785,54,China,Mandarin Chinese,Ambivert,Monthly,Fiction,Moderate
ID0786,33,India,Hindi,Extrovert,Several times a week,Fantasy,Moderate
ID0787,70,India,Hindi,Introvert,Rarely,Poetry,Moderate
ID0788,63,United Kingdom,English,Introvert,Weekly,Self-Help,High
ID0789,64,Mexico,Spanish,Ambivert,Weekly,Comics & Graphic Novels,High
ID0790,42,Australia,English,Introvert,Weekly,History,Moderate
ID0791,54,United Kingdom,English,Extrovert,Daily,Romance,Low
ID0792,28,South Africa,English,Ambivert,Several times a week,Self-Help,Moderate
ID0793,57,India,Hindi,Ambivert,Weekly,Romance,Moderate
ID0794,35,United States,English,Ambivert,Several times a week,Romance,High
ID0795,65,India,Hindi,Ambivert,Daily,Fiction,Low
ID0796,24,Indonesia,Indonesian,Extrovert,Several times a week,Poetry,Moderate
ID0797,47,Germany,German,Extrovert,Several times a week,Mystery & Thriller,High
ID0798,20,Germany,German,Introvert,Rarely,Self-Help,Moderate
ID0799,70,United States,English,Ambivert,Weekly,Fiction,High
ID0800,27,Sweden,Swedish,Ambivert,Rarely,Fantasy,Low
ID0801,59,Australia,English,Extrovert,Daily,Fiction,Moderate
ID0802,45,Canada,English,Ambivert,Daily,History,High
ID0803,24,Australia,English,Ambivert,Rarely,Science Fiction,Moderate
ID0804,56,South Korea,Korean,Extrovert,Weekly,Science Fiction,Moderate
ID0805,51,United States,English,Ambivert,Daily,Mystery & Thriller,Moderate
ID0806,43,Japan,Japanese,Ambivert,Several times a week,Mystery & Thriller,Low
ID0807,61,India,Hindi,Extrovert,Several times a week,Fiction,Moderate
ID0808,29,Australia,English,Ambivert,Weekly,Science Fiction,High
ID0809,47,Brazil,Portuguese,Introvert,Several times a week,Fantasy,Moderate
ID0810,21,France,French,Ambivert,Monthly,Mystery & Thriller,Low
ID0811,72,Canada,English,Introvert,Several times a week,Business,Moderate
ID0812,29,India,Hindi,Ambivert,Several times a week,Business,Low
ID0813,68,Brazil,Portuguese,Ambivert,Several times a week,Comics & Graphic Novels,Moderate
ID0814,29,Germany,German,Ambivert,Daily,History,High
ID0815,19,Canada,English,Introvert,Weekly,History,Moderate
ID0816,60,Spain,Spanish,Introvert,Daily,Mystery & Thriller,Moderate
ID0817,35,Netherlands,Dutch,Ambivert,Several times a week,Science Fiction,Low
ID0818,71,India,Hindi,Introvert,Weekly,Mystery & Thriller,Moderate
ID0819,40,Canada,English,Introvert,Monthly,History,Moderate
ID0820,24,France,French,Extrovert,Several times a week,Fiction,High
ID0821,61,United States,English,Introvert,Rarely,History,High
ID0822,72,South Korea,Korean,Introvert,Weekly,History,Moderate
ID0823,19,Netherlands,Dutch,Extrovert,Weekly,Business,High
ID0824,63,France,French,Extrovert,Rarely,Poetry,Moderate
ID0825,71,Spain,Spanish,Ambivert,Monthly,Romance,Moderate
ID0826,33,India,Hindi,Introvert,Several times a week,Fiction,Moderate
ID0827,47,United Kingdom,English,Extrovert,Weekly,Mystery & Thriller,Moderate
ID0828,27,Indonesia,Indonesian,Extrovert,Daily,Fantasy,Moderate
ID0829,37,United Kingdom,English,Ambivert,Daily,Self-Help,Moderate
ID0830,67,United States,English,Ambivert,Daily,Science & Technology,Moderate
ID0831,56,China,Mandarin Chinese,Ambivert,Monthly,Self-Help,Moderate
ID0832,49,United States,English,Introvert,Several times a week,Science Fiction,Moderate
ID0833,19,France,French,Ambivert,Daily,Fiction,High
ID0834,35,Italy,Italian,Ambivert,Weekly,Mystery & Thriller,High
ID0835,55,Australia,English,Extrovert,Several times a week,Fiction,High
ID0836,26,India,Hindi,Ambivert,Weekly,Fiction,High
ID0837,55,India,Hindi,Ambivert,Daily,Mystery & Thriller,Low
ID0838,50,United States,English,Ambivert,Daily,Science & Technology,High
ID0839,60,Brazil,Portuguese,Introvert,Several times a week,History,Moderate
ID0840,22,Mexico,Spanish,Ambivert,Daily,Fiction,High
ID0841,33,Japan,Japanese,Introvert,Weekly,Comics & Graphic Novels,Moderate
ID0842,68,Netherlands,Dutch,Ambivert,Rarely,Science Fiction,Low
ID0843,50,United Kingdom,English,Ambivert,Weekly,Romance,Low
ID0844,50,Netherlands,Dutch,Ambivert,Weekly,Business,Moderate
ID0845,61,United Kingdom,English,Extrovert,Rarely,Fantasy,Low
ID0846,53,South Korea,Korean,Extrovert,Monthly,Fantasy,High
ID0847,18,United Kingdom,English,Ambivert,Weekly,History,Moderate
ID0848,19,United Kingdom,English,Ambivert,Weekly,Biography & Memoir,Low
ID0849,47,India,Hindi,Ambivert,Weekly,Science Fiction,Moderate
ID0850,31,United Kingdom,English,Ambivert,Weekly,Biography & Memoir,Moderate
ID0851,52,South Korea,Korean,Ambivert,Daily,Fiction,Moderate
ID0852,39,Brazil,Portuguese,Introvert,Several times a week,Science Fiction,Moderate
ID0853,21,United States,English,Ambivert,Rarely,Fantasy,High
ID0854,37,Nigeria,English,Ambivert,Several times a week,Fiction,Moderate
ID0855,45,Indonesia,Indonesian,Ambivert,Monthly,Fiction,Moderate
ID0856,35,Nigeria,English,Introvert,Rarely,Poetry,Moderate
ID0857,73,Indonesia,Indonesian,Extrovert,Rarely,Romance,Low
ID0858,57,United States,English,Introvert,Rarely,Romance,High
ID0859,71,Japan,Japanese,Introvert,Monthly,Poetry,Moderate
ID0860,54,United Arab Emirates,Arabic,Extrovert,Weekly,Fantasy,Moderate
ID0861,42,Sweden,Swedish,Ambivert,Several times a week,Poetry,Moderate
ID0862,42,Netherlands,Dutch,Introvert,Weekly,Romance,Low
ID0863,46,United States,English,Introvert,Daily,Romance,Moderate
ID0864,61,United Kingdom,English,Introvert,Monthly,Fantasy,Moderate
ID0865,42,India,Hindi,Ambivert,Weekly,Self-Help,Moderate
ID0866,32,India,Hindi,Extrovert,Weekly,Fiction,High
ID0867,56,United Kingdom,English,Introvert,Monthly,Mystery & Thriller,High
ID0868,25,India,Hindi,Extrovert,Several times a week,Fantasy,High
ID0869,38,France,French,Ambivert,Several times a week,Comics & Graphic Novels,Moderate
ID0870,57,France,French,Ambivert,Weekly,Fantasy,High
ID0871,20,Nigeria,English,Ambivert,Weekly,Science & Technology,Moderate
ID0872,67,United Kingdom,English,Ambivert,Weekly,Fantasy,High
ID0873,41,Italy,Italian,Ambivert,Several times a week,Poetry,High
ID0874,41,Nigeria,English,Introvert,Weekly,Science & Technology,Moderate
ID0875,27,Japan,Japanese,Introvert,Weekly,Self-Help,Moderate
ID0876,29,India,Hindi,Extrovert,Monthly,Fiction,Moderate
ID0877,30,Nigeria,English,Introvert,Several times a week,Self-Help,Moderate
ID0878,56,France,French,Ambivert,Several times a week,Comics & Graphic Novels,Low
ID0879,66,India,Hindi,Ambivert,Several times a week,Self-Help,High
ID0880,41,India,Hindi,Extrovert,Several times a week,Science Fiction,Moderate
ID0881,41,India,Hindi,Ambivert,Several times a week,Fiction,High
ID0882,60,Brazil,Portuguese,Ambivert,Weekly,Comics & Graphic Novels,High
ID0883,22,India,Hindi,Ambivert,Weekly,Mystery & Thriller,Low
ID0884,36,India,Hindi,Ambivert,Weekly,Self-Help,Moderate
ID0885,41,United States,English,Extrovert,Rarely,Mystery & Thriller,Moderate
ID0886,42,Spain,Spanish,Ambivert,Several times a week,Mystery & Thriller,High
ID0887,50,India,Hindi,Introvert,Monthly,Fiction,Low
ID0888,32,Germany,German,Introvert,Several times a week,Mystery & Thriller,High
ID0889,19,Italy,Italian,Introvert,Monthly,Self-Help,High
ID0890,54,Canada,English,Extrovert,Daily,Fantasy,Moderate
ID0891,55,United States,English,Introvert,Weekly,Romance,High
ID0892,65,Germany,German,Ambivert,Daily,History,Moderate
ID0893,47,Nigeria,English,Introvert,Monthly,Fiction,High
ID0894,23,Brazil,Portuguese,Ambivert,Daily,History,High
ID0895,19,Nigeria,English,Introvert,Daily,Romance,High
ID0896,68,Canada,English,Introvert,Weekly,Science Fiction,High
ID0897,27,United Kingdom,English,Ambivert,Rarely,Romance,Low
ID0898,75,Mexico,Spanish,Introvert,Monthly,Fantasy,Moderate
ID0899,65,Australia,English,Extrovert,Daily,Self-Help,Moderate
ID0900,49,Japan,Japanese,Introvert,Monthly,Business,Moderate
ID0901,49,Spain,Spanish,Ambivert,Weekly,Fantasy,Moderate
ID0902,60,Brazil,Portuguese,Extrovert,Daily,Fantasy,Low
ID0903,39,Spain,Spanish,Extrovert,Weekly,Romance,Low
ID0904,28,Spain,Spanish,Introvert,Rarely,Science Fiction,Low
ID0905,32,Netherlands,Dutch,Introvert,Daily,Fantasy,Moderate
ID0906,67,United Kingdom,English,Extrovert,Daily,Biography & Memoir,High
ID0907,46,United States,English,Ambivert,Monthly,Self-Help,Moderate
ID0908,52,France,French,Ambivert,Rarely,Biography & Memoir,Moderate
ID0909,26,Nigeria,English,Ambivert,Several times a week,Science Fiction,Moderate
ID0910,67,South Africa,English,Ambivert,Daily,Science Fiction,Moderate
ID0911,34,China,Mandarin Chinese,Ambivert,Daily,Biography & Memoir,High
ID0912,25,Spain,Spanish,Ambivert,Several times a week,Self-Help,Moderate
ID0913,40,United Kingdom,English,Introvert,Daily,Self-Help,Moderate
ID0914,27,France,French,Introvert,Several times a week,Poetry,Low
ID0915,54,India,Hindi,Ambivert,Daily,Biography & Memoir,Moderate
ID0916,74,United States,English,Extrovert,Several times a week,Fantasy,Low
ID0917,58,Nigeria,English,Ambivert,Weekly,Romance,Moderate
ID0918,30,United Kingdom,English,Extrovert,Weekly,Biography & Memoir,High
ID0919,24,India,Hindi,Introvert,Several times a week,Fiction,Moderate
ID0920,43,Brazil,Portuguese,Ambivert,Daily,Biography & Memoir,Moderate
ID0921,49,India,Hindi,Extrovert,Daily,Poetry,Moderate
ID0922,42,Italy,Italian,Ambivert,Several times a week,Poetry,High
ID0923,50,United Kingdom,English,Introvert,Weekly,Fiction,Moderate
ID0924,36,Netherlands,Dutch,Ambivert,Weekly,Romance,Moderate
ID0925,51,France,French,Ambivert,Daily,Poetry,Moderate
ID0926,44,India,Hindi,Introvert,Weekly,Business,Moderate
ID0927,25,United States,English,Extrovert,Daily,Fantasy,Low
ID0928,35,China,Mandarin Chinese,Ambivert,Weekly,Fiction,Low
ID0929,63,India,Hindi,Ambivert,Several times a week,Romance,High
ID0930,39,Brazil,Portuguese,Introvert,Daily,Mystery & Thriller,Low
ID0931,19,Germany,German,Introvert,Rarely,Self-Help,High
ID0932,47,United Kingdom,English,Ambivert,Several times a week,Science Fiction,Low
ID0933,33,Spain,Spanish,Introvert,Weekly,Biography & Memoir,Moderate
ID0934,66,India,Hindi,Introvert,Rarely,Fiction,Low
ID0935,57,United States,English,Extrovert,Rarely,Fiction,High
ID0936,75,Australia,English,Ambivert,Several times a week,Romance,Moderate
ID0937,40,China,Mandarin Chinese,Introvert,Daily,Fantasy,Moderate
ID0938,54,Japan,Japanese,Ambivert,Weekly,Biography & Memoir,Moderate
ID0939,47,Nigeria,English,Ambivert,Weekly,Fiction,Low
ID0940,42,United States,English,Ambivert,Several times a week,Romance,Low
ID0941,56,Nigeria,English,Ambivert,Weekly,Self-Help,High
ID0942,68,Nigeria,English,Ambivert,Several times a week,Business,Moderate
ID0943,38,United States,English,Extrovert,Monthly,Romance,Moderate
ID0944,56,China,Mandarin Chinese,Ambivert,Daily,Romance,Moderate
ID0945,23,China,Mandarin Chinese,Ambivert,Several times a week,Science & Technology,Moderate
ID0946,48,France,French,Ambivert,Rarely,Science Fiction,High
ID0947,34,France,French,Ambivert,Several times a week,Fiction,Moderate
ID0948,53,Canada,English,Introvert,Monthly,Self-Help,Moderate
ID0949,27,United States,English,Introvert,Weekly,Mystery & Thriller,Low
ID0950,18,United States,English,Extrovert,Daily,Mystery & Thriller,Moderate
ID0951,30,Italy,Italian,Ambivert,Several times a week,Romance,Moderate
ID0952,72,United Kingdom,English,Ambivert,Monthly,Business,Moderate
ID0953,33,United States,English,Ambivert,Daily,Self-Help,Moderate
ID0954,54,Nigeria,English,Extrovert,Daily,Fiction,Moderate
ID0955,61,Germany,German,Ambivert,Several times a week,Romance,Moderate
ID0956,74,Indonesia,Indonesian,Ambivert,Weekly,Mystery & Thriller,Moderate
ID0957,68,Nigeria,English,Extrovert,Several times a week,Romance,Moderate
ID0958,39,India,Hindi,Introvert,Monthly,Biography & Memoir,Moderate
ID0959,73,India,Hindi,Ambivert,Weekly,Romance,Moderate
ID0960,54,India,Hindi,Introvert,Monthly,Business,High
ID0961,21,Canada,English,Ambivert,Monthly,History,Moderate
ID0962,48,United States,English,Ambivert,Several times a week,Science Fiction,Moderate
ID0963,44,United Kingdom,English,Extrovert,Weekly,History,Moderate
ID0964,42,Australia,English,Extrovert,Several times a week,Fantasy,High
ID0965,65,United States,English,Extrovert,Weekly,Science & Technology,High
ID0966,43,United States,English,Ambivert,Weekly,Mystery & Thriller,Moderate
ID0967,26,India,Hindi,Ambivert,Weekly,Business,Moderate
ID0968,45,Canada,English,Ambivert,Weekly,Mystery & Thriller,Moderate
ID0969,57,Indonesia,Indonesian,Ambivert,Rarely,Romance,Low
ID0970,44,India,Hindi,Extrovert,Daily,Mystery & Thriller,High
ID0971,44,India,Hindi,Ambivert,Daily,Fantasy,Low
ID0972,56,Brazil,Portuguese,Extrovert,Several times a week,Biography & Memoir,Moderate
ID0973,25,Sweden,Swedish,Introvert,Several times a week,Fantasy,Moderate
ID0974,58,India,Hindi,Extrovert,Daily,Science Fiction,Moderate
ID0975,34,India,Hindi,Ambivert,Weekly,Biography & Memoir,High
ID0976,61,Nigeria,English,Extrovert,Daily,Mystery & Thriller,Low
ID0977,44,India,Hindi,Introvert,Daily,Romance,Moderate
ID0978,22,Australia,English,Introvert,Monthly,History,Moderate
ID0979,38,Brazil,Portuguese,Introvert,Daily,Biography & Memoir,Moderate
ID0980,60,Germany,German,Ambivert,Weekly,History,High
ID0981,29,Canada,English,Introvert,Daily,Mystery & Thriller,Moderate
ID0982,36,Germany,German,Ambivert,Rarely,Fiction,Moderate
ID0983,27,United Kingdom,English,Introvert,Rarely,Fiction,High
ID0984,18,France,French,Ambivert,Several times a week,Mystery & Thriller,Moderate
ID0985,26,India,Hindi,Introvert,Rarely,Romance,High
ID0986,21,United States,English,Introvert,Rarely,Self-Help,Moderate
ID0987,51,France,French,Ambivert,Weekly,Mystery & Thriller,High
ID0988,66,United States,English,Ambivert,Monthly,Mystery & Thriller,Low
ID0989,70,Japan,Japanese,Extrovert,Daily,Fantasy,High
ID0990,71,Mexico,Spanish,Introvert,Weekly,Poetry,Moderate
ID0991,69,India,Hindi,Introvert,Several times a week,Mystery & Thriller,Moderate
ID0992,60,United States,English,Ambivert,Weekly,Fiction,Moderate
ID0993,19,United States,English,Introvert,Rarely,Biography & Memoir,Moderate
ID0994,66,India,Hindi,Extrovert,Weekly,Biography & Memoir,High
ID0995,48,India,Hindi,Extrovert,Monthly,Fiction,Low
ID0996,72,Italy,Italian,Introvert,Weekly,Business,Low
ID0997,62,United States,English,Extrovert,Several times a week,Fiction,Moderate
ID0998,28,India,Hindi,Ambivert,Several times a week,Fantasy,High
ID0999,30,France,French,Ambivert,Several times a week,Poetry,High
ID1000,20,India,Hindi,Introvert,Several times a week,Fantasy,Moderate
ID1001,28,Germany,German,Ambivert,Daily,Biography & Memoir,High
ID1002,32,Italy,Italian,Ambivert,Several times a week,Fiction,Moderate
ID1003,64,Netherlands,Dutch,Ambivert,Monthly,Science Fiction,Moderate
ID1004,47,United States,English,Ambivert,Daily,Fiction,High
ID1005,27,Nigeria,English,Introvert,Several times a week,Mystery & Thriller,Moderate
ID1006,50,India,Hindi,Extrovert,Daily,History,High
ID1007,53,Mexico,Spanish,Extrovert,Monthly,Biography & Memoir,Moderate
ID1008,40,Mexico,Spanish,Introvert,Several times a week,Science Fiction,Moderate
ID1009,52,India,Hindi,Ambivert,Daily,Romance,Moderate
ID1010,35,Canada,English,Extrovert,Rarely,Mystery & Thriller,Moderate
ID1011,37,United States,English,Extrovert,Monthly,Science Fiction,Moderate
ID1012,25,United Arab Emirates,Arabic,Ambivert,Weekly,Mystery & Thriller,High
ID1013,46,Sweden,Swedish,Extrovert,Weekly,Biography & Memoir,Moderate
ID1014,73,France,French,Introvert,Weekly,Science Fiction,Moderate
ID1015,49,Australia,English,Ambivert,Several times a week,Romance,High
ID1016,31,Spain,Spanish,Introvert,Daily,Fiction,Moderate
ID1017,39,South Korea,Korean,Ambivert,Monthly,Science Fiction,Low
ID1018,62,China,Mandarin Chinese,Introvert,Several times a week,Fantasy,High
ID1019,54,Mexico,Spanish,Ambivert,Rarely,Self-Help,Moderate
ID1020,33,Germany,German,Ambivert,Daily,Science Fiction,Moderate
ID1021,41,Brazil,Portuguese,Ambivert,Weekly,Biography & Memoir,High
ID1022,45,India,Hindi,Ambivert,Daily,Business,Moderate
ID1023,50,Nigeria,English,Introvert,Rarely,Romance,Moderate
ID1024,59,United Kingdom,English,Introvert,Daily,Biography & Memoir,Moderate
ID1025,73,United States,English,Ambivert,Several times a week,Science & Technology,High
ID1026,71,Germany,German,Ambivert,Weekly,Fiction,Moderate
ID1027,70,United States,English,Ambivert,Daily,Science & Technology,Moderate
ID1028,73,Spain,Spanish,Introvert,Several times a week,History,High
ID1029,70,Sweden,Swedish,Introvert,Weekly,Biography & Memoir,Moderate
ID1030,74,Italy,Italian,Ambivert,Daily,Science Fiction,Moderate
ID1031,53,Nigeria,English,Ambivert,Monthly,Poetry,High
ID1032,39,Brazil,Portuguese,Extrovert,Weekly,Poetry,Moderate
ID1033,33,France,French,Ambivert,Several times a week,Biography & Memoir,Low
ID1034,30,Canada,English,Introvert,Several times a week,Fiction,High
ID1035,34,United States,English,Extrovert,Several times a week,Romance,Low
ID1036,42,Nigeria,English,Ambivert,Monthly,Fantasy,Moderate
ID1037,54,Germany,German,Introvert,Rarely,Mystery & Thriller,Moderate
ID1038,71,China,Mandarin Chinese,Extrovert,Weekly,Science Fiction,High
ID1039,23,Nigeria,English,Ambivert,Monthly,Fantasy,Moderate
ID1040,65,Germany,German,Ambivert,Weekly,Poetry,Moderate
ID1041,72,India,Hindi,Ambivert,Daily,Mystery & Thriller,Moderate
ID1042,75,Mexico,Spanish,Introvert,Weekly,Romance,High
ID1043,22,United Kingdom,English,Extrovert,Several times a week,Fiction,Moderate
ID1044,63,Germany,German,Introvert,Daily,Romance,High
ID1045,75,Australia,English,Ambivert,Monthly,Comics & Graphic Novels,Moderate
ID1046,72,India,Hindi,Ambivert,Daily,Fiction,Moderate
ID1047,27,United States,English,Introvert,Several times a week,Mystery & Thriller,Moderate
ID1048,41,India,Hindi,Ambivert,Weekly,Mystery & Thriller,High
ID1049,43,Brazil,Portuguese,Ambivert,Rarely,Fantasy,Moderate
ID1050,23,Spain,Spanish,Introvert,Daily,Fiction,High
ID1051,63,India,Hindi,Ambivert,Several times a week,Comics & Graphic Novels,Moderate
ID1052,66,Sweden,Swedish,Extrovert,Rarely,Comics & Graphic Novels,High
ID1053,39,South Korea,Korean,Ambivert,Daily,Fantasy,High
ID1054,52,China,Mandarin Chinese,Ambivert,Daily,Poetry,Moderate
ID1055,67,Italy,Italian,Introvert,Daily,Fiction,Moderate
ID1056,72,Japan,Japanese,Ambivert,Several times a week,Mystery & Thriller,Moderate
ID1057,39,India,Hindi,Ambivert,Daily,Biography & Memoir,Moderate
ID1058,57,Brazil,Portuguese,Ambivert,Monthly,Self-Help,Moderate
ID1059,46,Australia,English,Extrovert,Several times a week,Fantasy,Moderate
ID1060,53,Netherlands,Dutch,Introvert,Several times a week,Biography & Memoir,Low
ID1061,35,Canada,English,Introvert,Rarely,Poetry,Low
ID1062,74,Japan,Japanese,Ambivert,Several times a week,Self-Help,Moderate
ID1063,32,India,Hindi,Ambivert,Several times a week,Romance,High
ID1064,40,India,Hindi,Extrovert,Weekly,Mystery & Thriller,Moderate
ID1065,47,United Arab Emirates,Arabic,Extrovert,Monthly,Self-Help,Moderate
ID1066,63,Spain,Spanish,Introvert,Daily,Science Fiction,Moderate
ID1067,69,India,Hindi,Ambivert,Daily,Mystery & Thriller,Moderate
ID1068,23,China,Mandarin Chinese,Ambivert,Several times a week,Fiction,Moderate
ID1069,56,United States,English,Extrovert,Daily,Fiction,High
ID1070,48,United States,English,Extrovert,Rarely,Self-Help,High
ID1071,60,India,Hindi,Extrovert,Weekly,Science & Technology,Low
ID1072,46,France,French,Introvert,Several times a week,Business,High
ID1073,24,South Africa,English,Extrovert,Daily,Fiction,High
ID1074,23,China,Mandarin Chinese,Introvert,Several times a week,Biography & Memoir,Low
ID1075,51,United States,English,Ambivert,Monthly,Fantasy,High
ID1076,18,Nigeria,English,Extrovert,Several times a week,Mystery & Thriller,Moderate
ID1077,68,India,Hindi,Ambivert,Several times a week,Poetry,High
ID1078,50,Canada,English,Introvert,Several times a week,History,Low
ID1079,25,United Kingdom,English,Ambivert,Weekly,Science Fiction,Moderate
ID1080,50,China,Mandarin Chinese,Introvert,Daily,Fantasy,Moderate
ID1081,21,Australia,English,Introvert,Daily,Business,High
ID1082,52,India,Hindi,Ambivert,Several times a week,Fiction,Moderate
ID1083,26,Canada,English,Ambivert,Weekly,Self-Help,Low
ID1084,39,United States,English,Ambivert,Weekly,Fiction,Moderate
ID1085,20,United Kingdom,English,Ambivert,Weekly,Fantasy,High
ID1086,26,Japan,Japanese,Ambivert,Daily,History,Moderate
ID1087,70,Brazil,Portuguese,Ambivert,Monthly,Fantasy,Moderate
ID1088,19,India,Hindi,Ambivert,Daily,Biography & Memoir,High
ID1089,20,Germany,German,Extrovert,Several times a week,Self-Help,Moderate
ID1090,31,China,Mandarin Chinese,Ambivert,Rarely,Romance,Low
ID1091,45,Germany,German,Extrovert,Rarely,Biography & Memoir,High
ID1092,34,United States,English,Introvert,Monthly,Science & Technology,Moderate
ID1093,32,Canada,English,Introvert,Several times a week,Fiction,Moderate
ID1094,52,United Kingdom,English,Introvert,Weekly,Self-Help,Moderate
ID1095,38,United States,English,Introvert,Monthly,Fiction,Low
ID1096,32,Indonesia,Indonesian,Introvert,Daily,Self-Help,Moderate
ID1097,60,India,Hindi,Introvert,Monthly,Romance,High
ID1098,56,United States,English,Ambivert,Monthly,Fantasy,High
ID1099,66,Brazil,Portuguese,Ambivert,Rarely,Fiction,Moderate
ID1100,47,India,Hindi,Ambivert,Weekly,Fantasy,Moderate
ID1101,53,India,Hindi,Ambivert,Weekly,Mystery & Thriller,Moderate
ID1102,35,India,Hindi,Introvert,Several times a week,Business,Moderate
ID1103,64,France,French,Extrovert,Daily,Self-Help,Low
ID1104,29,India,Hindi,Introvert,Weekly,Romance,High
ID1105,19,France,French,Extrovert,Weekly,Fiction,Moderate
ID1106,71,Japan,Japanese,Ambivert,Monthly,Self-Help,Low
ID1107,26,Germany,German,Ambivert,Several times a week,Fiction,High
ID1108,35,France,French,Ambivert,Several times a week,Fiction,High
ID1109,49,South Africa,English,Introvert,Several times a week,Science Fiction,Low
ID1110,38,Canada,English,Ambivert,Weekly,Science Fiction,High
ID1111,61,United States,English,Extrovert,Weekly,Poetry,Moderate
ID1112,18,South Korea,Korean,Introvert,Several times a week,Self-Help,Moderate
ID1113,28,India,Hindi,Ambivert,Daily,Mystery & Thriller,Moderate
ID1114,22,Sweden,Swedish,Extrovert,Weekly,Poetry,High
ID1115,21,France,French,Ambivert,Monthly,History,High
ID1116,74,Germany,German,Introvert,Weekly,Fantasy,Moderate
ID1117,72,Nigeria,English,Ambivert,Rarely,Fiction,High
ID1118,31,Netherlands,Dutch,Extrovert,Several times a week,Mystery & Thriller,Moderate
ID1119,24,United States,English,Ambivert,Daily,Romance,High
ID1120,65,India,Hindi,Ambivert,Monthly,Biography & Memoir,High
ID1121,75,Sweden,Swedish,Introvert,Weekly,Poetry,Moderate
ID1122,72,United States,English,Introvert,Monthly,Mystery & Thriller,Moderate
ID1123,33,Spain,Spanish,Ambivert,Several times a week,Science Fiction,Moderate
ID1124,54,Spain,Spanish,Extrovert,Rarely,Science & Technology,High
ID1125,37,Japan,Japanese,Introvert,Several times a week,Self-Help,Moderate
ID1126,47,Spain,Spanish,Introvert,Daily,Mystery & Thriller,Moderate
ID1127,39,Germany,German,Ambivert,Monthly,Science Fiction,Moderate
ID1128,42,Mexico,Spanish,Ambivert,Monthly,Science Fiction,Moderate
ID1129,20,Canada,English,Extrovert,Several times a week,Biography & Memoir,Low
ID1130,62,South Africa,English,Introvert,Several times a week,Biography & Memoir,Moderate
ID1131,53,Canada,English,Ambivert,Rarely,Mystery & Thriller,Moderate
ID1132,67,Spain,Spanish,Introvert,Several times a week,Fantasy,Moderate
ID1133,25,India,Hindi,Ambivert,Several times a week,Biography & Memoir,Moderate
ID1134,48,United Arab Emirates,Arabic,Introvert,Monthly,Mystery & Thriller,Moderate
ID1135,64,South Korea,Korean,Extrovert,Rarely,Fantasy,Moderate
ID1136,68,Spain,Spanish,Ambivert,Weekly,History,High
ID1137,67,Spain,Spanish,Introvert,Daily,Mystery & Thriller,High
ID1138,72,Australia,English,Extrovert,Daily,Fantasy,High
ID1139,36,China,Mandarin Chinese,Ambivert,Rarely,History,Moderate
ID1140,42,Spain,Spanish,Extrovert,Several times a week,Comics & Graphic Novels,Low
ID1141,60,Germany,German,Extrovert,Daily,Self-Help,High
ID1142,23,Brazil,Portuguese,Extrovert,Weekly,Biography & Memoir,High
ID1143,52,India,Hindi,Ambivert,Several times a week,Science Fiction,Moderate
ID1144,34,United Kingdom,English,Extrovert,Several times a week,Business,Low
ID1145,19,Australia,English,Introvert,Daily,Self-Help,High
ID1146,53,Nigeria,English,Ambivert,Monthly,Fiction,Moderate
ID1147,25,Germany,German,Extrovert,Rarely,Mystery & Thriller,Moderate
ID1148,72,Italy,Italian,Extrovert,Daily,Biography & Memoir,Moderate
ID1149,63,United Kingdom,English,Ambivert,Several times a week,Fiction,Moderate
ID1150,29,Spain,Spanish,Introvert,Daily,Science Fiction,Moderate
ID1151,23,India,Hindi,Introvert,Weekly,History,Low
ID1152,44,United States,English,Ambivert,Weekly,Biography & Memoir,Moderate
ID1153,48,Brazil,Portuguese,Ambivert,Weekly,Romance,Low
ID1154,43,China,Mandarin Chinese,Introvert,Weekly,Biography & Memoir,Moderate
ID1155,48,India,Hindi,Ambivert,Daily,Self-Help,Moderate
ID1156,48,Italy,Italian,Ambivert,Rarely,Fantasy,High
ID1157,38,Germany,German,Introvert,Several times a week,Poetry,Moderate
ID1158,52,France,French,Introvert,Weekly,Business,Moderate
ID1159,75,Germany,German,Introvert,Daily,Science Fiction,High
ID1160,49,Canada,English,Ambivert,Weekly,Mystery & Thriller,Low
ID1161,63,Spain,Spanish,Extrovert,Rarely,Fiction,High
ID1162,35,South Africa,English,Ambivert,Several times a week,Comics & Graphic Novels,High
ID1163,72,Nigeria,English,Ambivert,Several times a week,Romance,High
ID1164,52,Nigeria,English,Introvert,Several times a week,Romance,Low
ID1165,21,Sweden,Swedish,Introvert,Rarely,Science Fiction,Moderate
ID1166,54,Japan,Japanese,Introvert,Weekly,History,High
ID1167,46,Brazil,Portuguese,Extrovert,Several times a week,Romance,Moderate
ID1168,63,Indonesia,Indonesian,Introvert,Daily,Fiction,Moderate
ID1169,73,United States,English,Introvert,Weekly,Self-Help,Low
ID1170,70,United States,English,Extrovert,Several times a week,Fiction,Low
ID1171,69,United States,English,Extrovert,Daily,Biography & Memoir,High
ID1172,41,Indonesia,Indonesian,Ambivert,Monthly,Mystery & Thriller,Moderate
ID1173,37,Spain,Spanish,Extrovert,Several times a week,Science Fiction,Low
ID1174,65,Nigeria,English,Ambivert,Weekly,Comics & Graphic Novels,Moderate
ID1175,45,South Korea,Korean,Extrovert,Monthly,Fantasy,High
ID1176,30,India,Hindi,Introvert,Several times a week,Fantasy,Low
ID1177,20,India,Hindi,Introvert,Weekly,Mystery & Thriller,Moderate
ID1178,47,United Kingdom,English,Ambivert,Several times a week,Mystery & Thriller,Moderate
ID1179,29,Brazil,Portuguese,Ambivert,Several times a week,Fiction,High
ID1180,68,China,Mandarin Chinese,Introvert,Several times a week,Science & Technology,Moderate
ID1181,51,Mexico,Spanish,Introvert,Several times a week,Business,Moderate
ID1182,53,United Kingdom,English,Ambivert,Weekly,Science & Technology,High
ID1183,61,Canada,English,Ambivert,Monthly,Science Fiction,Moderate
ID1184,33,Mexico,Spanish,Introvert,Monthly,Science & Technology,Moderate
ID1185,25,Germany,German,Introvert,Daily,Business,Moderate
ID1186,54,United Kingdom,English,Introvert,Weekly,Fantasy,High
ID1187,28,Japan,Japanese,Extrovert,Several times a week,Romance,High
ID1188,26,United States,English,Introvert,Daily,Comics & Graphic Novels,High
ID1189,38,India,Hindi,Introvert,Rarely,Science Fiction,High
ID1190,19,Mexico,Spanish,Extrovert,Weekly,Mystery & Thriller,High
ID1191,27,India,Hindi,Introvert,Daily,Business,Moderate
ID1192,49,United Kingdom,English,Ambivert,Daily,Fantasy,Moderate
ID1193,49,Japan,Japanese,Ambivert,Rarely,Fiction,Low
ID1194,59,India,Hindi,Introvert,Monthly,Romance,Moderate
ID1195,64,United Kingdom,English,Introvert,Weekly,History,High
ID1196,42,Canada,English,Extrovert,Several times a week,Science Fiction,High
ID1197,48,Nigeria,English,Ambivert,Daily,Fiction,Low
ID1198,37,Germany,German,Ambivert,Weekly,Fantasy,Moderate
ID1199,69,Canada,English,Introvert,Daily,Romance,Moderate
ID1200,42,South Korea,Korean,Ambivert,Monthly,Poetry,Moderate
ID1201,19,South Korea,Korean,Extrovert,Rarely,Mystery & Thriller,Low
ID1202,65,Netherlands,Dutch,Introvert,Several times a week,Self-Help,Moderate
ID1203,70,India,Hindi,Introvert,Daily,History,Moderate
ID1204,47,India,Hindi,Ambivert,Daily,Science Fiction,Moderate
ID1205,49,India,Hindi,Ambivert,Daily,Fiction,Moderate
ID1206,65,United States,English,Introvert,Daily,Fiction,Moderate
ID1207,46,Italy,Italian,Introvert,Several times a week,Fiction,Moderate
ID1208,66,China,Mandarin Chinese,Introvert,Several times a week,Mystery & Thriller,Moderate
ID1209,74,China,Mandarin Chinese,Ambivert,Daily,Mystery & Thriller,Moderate
ID1210,37,Germany,German,Ambivert,Rarely,History,High
ID1211,41,Spain,Spanish,Extrovert,Daily,Science Fiction,High
ID1212,52,India,Hindi,Extrovert,Weekly,Self-Help,Moderate
ID1213,51,United Arab Emirates,Arabic,Extrovert,Daily,Biography & Memoir,Moderate
ID1214,39,India,Hindi,Ambivert,Weekly,Fantasy,High
ID1215,29,India,Hindi,Introvert,Monthly,Romance,Moderate
ID1216,70,Nigeria,English,Introvert,Weekly,Romance,Low
ID1217,53,United Kingdom,English,Extrovert,Several times a week,Self-Help,Moderate
ID1218,53,India,Hindi,Ambivert,Weekly,History,Moderate
ID1219,40,United Kingdom,English,Extrovert,Several times a week,Fantasy,Moderate
ID1220,68,Germany,German,Extrovert,Monthly,Comics & Graphic Novels,Moderate
ID1221,55,India,Hindi,Ambivert,Daily,Business,Low
ID1222,30,Canada,English,Ambivert,Monthly,Romance,High
ID1223,23,India,Hindi,Ambivert,Several times a week,Biography & Memoir,Moderate
ID1224,52,Italy,Italian,Ambivert,Weekly,Romance,Low
ID1225,25,India,Hindi,Introvert,Daily,Mystery & Thriller,Low
ID1226,57,United Kingdom,English,Ambivert,Weekly,Business,High
ID1227,42,China,Mandarin Chinese,Ambivert,Weekly,Fantasy,Low
ID1228,35,India,Hindi,Ambivert,Rarely,Mystery & Thriller,Low
ID1229,70,United States,English,Introvert,Daily,Fiction,High
ID1230,55,South Korea,Korean,Extrovert,Weekly,Science Fiction,Moderate
ID1231,32,United States,English,Ambivert,Weekly,Biography & Memoir,High
ID1232,47,Brazil,Portuguese,Ambivert,Weekly,Science Fiction,Moderate
ID1233,71,Brazil,Portuguese,Extrovert,Weekly,Romance,Moderate
ID1234,73,India,Hindi,Introvert,Several times a week,Self-Help,Moderate
ID1235,56,Japan,Japanese,Ambivert,Daily,Business,High
ID1236,33,Brazil,Portuguese,Extrovert,Daily,Mystery & Thriller,High
ID1237,64,United States,English,Extrovert,Several times a week,Romance,Moderate
ID1238,54,Japan,Japanese,Introvert,Several times a week,Fantasy,Moderate
ID1239,72,India,Hindi,Extrovert,Rarely,Science & Technology,Moderate
ID1240,44,France,French,Ambivert,Several times a week,Science Fiction,High
ID1241,62,India,Hindi,Extrovert,Weekly,Fiction,Low
ID1242,71,India,Hindi,Introvert,Several times a week,Business,Moderate
ID1243,21,India,Hindi,Ambivert,Several times a week,Biography & Memoir,Moderate
ID1244,28,France,French,Extrovert,Weekly,Romance,Moderate
ID1245,32,India,Hindi,Ambivert,Rarely,History,Moderate
ID1246,48,France,French,Ambivert,Monthly,Science Fiction,Moderate
ID1247,67,India,Hindi,Extrovert,Monthly,Self-Help,Moderate
ID1248,29,India,Hindi,Introvert,Daily,Mystery & Thriller,High
ID1249,75,United Kingdom,English,Ambivert,Monthly,Poetry,High
ID1250,62,Brazil,Portuguese,Extrovert,Daily,Biography & Memoir,Moderate
ID1251,50,India,Hindi,Ambivert,Several times a week,History,Moderate
ID1252,37,India,Hindi,Introvert,Daily,History,Moderate
ID1253,63,United States,English,Ambivert,Daily,Biography & Memoir,Moderate
ID1254,66,Japan,Japanese,Introvert,Several times a week,Biography & Memoir,High
ID1255,30,India,Hindi,Ambivert,Weekly,Fiction,Moderate
ID1256,26,Brazil,Portuguese,Introvert,Monthly,Science Fiction,Moderate
ID1257,57,India,Hindi,Introvert,Weekly,Mystery & Thriller,Moderate
ID1258,26,India,Hindi,Ambivert,Monthly,Fantasy,Low
ID1259,34,Brazil,Portuguese,Introvert,Several times a week,Science Fiction,Low
ID1260,44,United Arab Emirates,Arabic,Ambivert,Weekly,Science & Technology,Low
ID1261,65,India,Hindi,Introvert,Daily,Romance,Moderate
ID1262,61,India,Hindi,Extrovert,Weekly,Science Fiction,Moderate
ID1263,22,United Arab Emirates,Arabic,Ambivert,Rarely,Science Fiction,Moderate
ID1264,20,India,Hindi,Ambivert,Weekly,Fantasy,Moderate
ID1265,66,Sweden,Swedish,Introvert,Rarely,Biography & Memoir,Low
ID1266,64,China,Mandarin Chinese,Introvert,Rarely,Science Fiction,High
ID1267,58,India,Hindi,Introvert,Rarely,Fantasy,High
ID1268,42,Indonesia,Indonesian,Extrovert,Several times a week,Self-Help,Low
ID1269,63,France,French,Introvert,Several times a week,Mystery & Thriller,High
ID1270,18,Sweden,Swedish,Extrovert,Weekly,Self-Help,Moderate
ID1271,41,United States,English,Introvert,Daily,Mystery & Thriller,Moderate
ID1272,52,Mexico,Spanish,Ambivert,Several times a week,Romance,Moderate
ID1273,55,Germany,German,Introvert,Daily,Mystery & Thriller,Moderate
ID1274,36,Indonesia,Indonesian,Ambivert,Several times a week,Self-Help,Moderate
ID1275,64,United Kingdom,English,Introvert,Daily,Fiction,Low
ID1276,75,France,French,Extrovert,Weekly,Fiction,Moderate
ID1277,38,France,French,Extrovert,Weekly,Romance,Low
ID1278,44,United Kingdom,English,Extrovert,Several times a week,Romance,High
ID1279,36,Japan,Japanese,Ambivert,Daily,Romance,Low
ID1280,33,India,Hindi,Ambivert,Monthly,Mystery & Thriller,Moderate
ID1281,49,India,Hindi,Extrovert,Several times a week,Business,Moderate
ID1282,60,France,French,Ambivert,Weekly,Mystery & Thriller,Low
ID1283,40,United Kingdom,English,Introvert,Several times a week,Romance,Low
ID1284,43,Australia,English,Introvert,Weekly,Business,Moderate
ID1285,51,Italy,Italian,Introvert,Several times a week,Romance,Moderate
ID1286,62,Japan,Japanese,Introvert,Rarely,Science Fiction,Moderate
ID1287,32,Mexico,Spanish,Extrovert,Weekly,History,Moderate
ID1288,67,Brazil,Portuguese,Introvert,Daily,Mystery & Thriller,Low
ID1289,46,Germany,German,Extrovert,Weekly,Science & Technology,High
ID1290,35,China,Mandarin Chinese,Introvert,Several times a week,Fiction,Moderate
ID1291,25,China,Mandarin Chinese,Introvert,Daily,Fiction,Moderate
ID1292,35,Spain,Spanish,Extrovert,Weekly,Mystery & Thriller,Moderate
ID1293,25,France,French,Ambivert,Monthly,Science Fiction,Moderate
ID1294,26,Brazil,Portuguese,Introvert,Rarely,Fiction,High
ID1295,27,United Kingdom,English,Introvert,Weekly,History,Moderate
ID1296,32,Spain,Spanish,Ambivert,Several times a week,Fantasy,Moderate
ID1297,26,Australia,English,Ambivert,Daily,Poetry,High
ID1298,24,Germany,German,Ambivert,Monthly,Science Fiction,Moderate
ID1299,63,India,Hindi,Introvert,Several times a week,Self-Help,High
ID1300,18,United States,English,Introvert,Rarely,Fantasy,Moderate
ID1301,42,Japan,Japanese,Introvert,Monthly,Romance,Low
ID1302,19,France,French,Ambivert,Rarely,Mystery & Thriller,Moderate
ID1303,59,Japan,Japanese,Introvert,Daily,Fiction,High
ID1304,23,Mexico,Spanish,Introvert,Daily,Mystery & Thriller,High
ID1305,21,India,Hindi,Ambivert,Daily,Science & Technology,Low
ID1306,66,India,Hindi,Extrovert,Weekly,Comics & Graphic Novels,High
ID1307,45,Spain,Spanish,Introvert,Daily,Business,High
ID1308,51,Germany,German,Extrovert,Several times a week,Biography & Memoir,Moderate
ID1309,70,France,French,Ambivert,Weekly,Comics & Graphic Novels,High
ID1310,60,Italy,Italian,Extrovert,Weekly,Poetry,High
ID1311,46,United Kingdom,English,Extrovert,Weekly,Mystery & Thriller,High
ID1312,46,Australia,English,Extrovert,Several times a week,Fiction,Moderate
ID1313,63,India,Hindi,Extrovert,Monthly,Romance,High
ID1314,40,Japan,Japanese,Ambivert,Several times a week,Biography & Memoir,High
ID1315,62,China,Mandarin Chinese,Extrovert,Several times a week,Poetry,High
ID1316,37,France,French,Introvert,Monthly,Mystery & Thriller,Moderate
ID1317,24,India,Hindi,Introvert,Rarely,Business,Moderate
ID1318,28,South Korea,Korean,Ambivert,Several times a week,Mystery & Thriller,Moderate
ID1319,24,United Kingdom,English,Ambivert,Daily,Fantasy,Moderate
ID1320,55,India,Hindi,Ambivert,Several times a week,Fiction,Low
ID1321,28,Canada,English,Extrovert,Weekly,Self-Help,High
ID1322,51,India,Hindi,Introvert,Weekly,Comics & Graphic Novels,High
ID1323,70,India,Hindi,Ambivert,Several times a week,Poetry,Moderate
ID1324,52,India,Hindi,Ambivert,Several times a week,Romance,Moderate
ID1325,73,Spain,Spanish,Introvert,Weekly,Fantasy,Low
ID1326,48,Canada,English,Ambivert,Monthly,Biography & Memoir,Moderate
ID1327,45,Australia,English,Ambivert,Weekly,History,Moderate
ID1328,54,Canada,English,Ambivert,Monthly,Self-Help,Low
ID1329,48,Brazil,Portuguese,Ambivert,Rarely,Business,Moderate
ID1330,69,Japan,Japanese,Ambivert,Monthly,Self-Help,High
ID1331,75,United States,English,Extrovert,Several times a week,Self-Help,Moderate
ID1332,35,Netherlands,Dutch,Ambivert,Weekly,Mystery & Thriller,Moderate
ID1333,70,Japan,Japanese,Ambivert,Weekly,Fiction,High
ID1334,73,Spain,Spanish,Extrovert,Daily,Science Fiction,Moderate
ID1335,73,China,Mandarin Chinese,Ambivert,Daily,Biography & Memoir,Moderate
ID1336,74,United Kingdom,English,Ambivert,Several times a week,Fantasy,Moderate
ID1337,59,Mexico,Spanish,Introvert,Several times a week,Science Fiction,High
ID1338,21,India,Hindi,Introvert,Weekly,Mystery & Thriller,High
ID1339,28,Australia,English,Ambivert,Several times a week,Business,High
ID1340,63,India,Hindi,Ambivert,Weekly,Fantasy,Moderate
ID1341,24,United States,English,Introvert,Several times a week,Business,Low
ID1342,31,South Africa,English,Extrovert,Daily,Fantasy,Moderate
ID1343,48,China,Mandarin Chinese,Ambivert,Rarely,Romance,Moderate
ID1344,44,South Korea,Korean,Extrovert,Daily,Biography & Memoir,High
ID1345,46,United States,English,Ambivert,Several times a week,Mystery & Thriller,Moderate
ID1346,67,Australia,English,Extrovert,Rarely,Biography & Memoir,Moderate
ID1347,68,United Kingdom,English,Ambivert,Several times a week,Mystery & Thriller,High
ID1348,41,United Arab Emirates,Arabic,Introvert,Daily,Mystery & Thriller,Low
ID1349,55,Japan,Japanese,Introvert,Several times a week,Self-Help,Low
ID1350,46,Canada,English,Extrovert,Rarely,Fantasy,Moderate
ID1351,19,Canada,English,Extrovert,Daily,Fiction,Moderate
ID1352,58,United Kingdom,English,Ambivert,Several times a week,Romance,High
ID1353,50,India,Hindi,Introvert,Several times a week,Mystery & Thriller,High
ID1354,58,United States,English,Introvert,Weekly,Romance,High
ID1355,68,Japan,Japanese,Extrovert,Daily,Science Fiction,Moderate
ID1356,31,Indonesia,Indonesian,Ambivert,Daily,Science & Technology,Moderate
ID1357,57,United Arab Emirates,Arabic,Extrovert,Daily,History,Moderate
ID1358,69,Indonesia,Indonesian,Ambivert,Daily,Fiction,High
ID1359,35,South Korea,Korean,Extrovert,Daily,History,High
ID1360,70,Mexico,Spanish,Introvert,Daily,Business,Moderate
ID1361,66,India,Hindi,Ambivert,Rarely,Mystery & Thriller,Moderate
ID1362,40,United States,English,Extrovert,Several times a week,Biography & Memoir,High
ID1363,53,China,Mandarin Chinese,Ambivert,Weekly,Fantasy,Low
ID1364,64,Indonesia,Indonesian,Ambivert,Weekly,Science Fiction,Moderate
ID1365,56,Indonesia,Indonesian,Introvert,Weekly,Fiction,High
ID1366,36,United States,English,Introvert,Weekly,Romance,Moderate
ID1367,41,India,Hindi,Ambivert,Daily,Self-Help,Moderate
ID1368,50,Italy,Italian,Ambivert,Weekly,Fiction,Moderate
ID1369,53,Nigeria,English,Ambivert,Weekly,History,High
ID1370,63,France,French,Introvert,Daily,Science Fiction,Moderate
ID1371,34,South Korea,Korean,Ambivert,Monthly,Science Fiction,Moderate
ID1372,57,Canada,English,Extrovert,Monthly,Business,High
ID1373,47,Canada,English,Extrovert,Daily,Biography & Memoir,High
ID1374,18,Spain,Spanish,Ambivert,Weekly,Romance,Low
ID1375,63,India,Hindi,Introvert,Weekly,Romance,Moderate
ID1376,20,Indonesia,Indonesian,Ambivert,Monthly,Biography & Memoir,Low
ID1377,59,India,Hindi,Extrovert,Weekly,Mystery & Thriller,High
ID1378,47,India,Hindi,Introvert,Several times a week,Poetry,High
ID1379,25,India,Hindi,Ambivert,Weekly,Mystery & Thriller,High
ID1380,34,Spain,Spanish,Ambivert,Several times a week,Business,Moderate
ID1381,63,Canada,English,Ambivert,Several times a week,Poetry,High
ID1382,38,France,French,Ambivert,Rarely,History,Moderate
ID1383,43,India,Hindi,Extrovert,Weekly,Fiction,Moderate
ID1384,43,India,Hindi,Ambivert,Daily,Science Fiction,High
ID1385,61,Italy,Italian,Introvert,Daily,Business,High
ID1386,50,United States,English,Ambivert,Rarely,Fantasy,Moderate
ID1387,47,India,Hindi,Introvert,Daily,History,Moderate
ID1388,45,Canada,English,Ambivert,Daily,Self-Help,Low
ID1389,71,Nigeria,English,Introvert,Daily,Science Fiction,Low
ID1390,43,Spain,Spanish,Ambivert,Monthly,Mystery & Thriller,High
ID1391,27,South Korea,Korean,Extrovert,Rarely,Mystery & Thriller,Moderate
ID1392,22,Indonesia,Indonesian,Introvert,Several times a week,Mystery & Thriller,Low
ID1393,33,France,French,Ambivert,Weekly,Mystery & Thriller,Low
ID1394,24,United Kingdom,English,Introvert,Monthly,Fantasy,Moderate
ID1395,27,Spain,Spanish,Introvert,Several times a week,Poetry,High
ID1396,34,France,French,Ambivert,Daily,Business,Low
ID1397,39,Australia,English,Introvert,Weekly,Fantasy,Moderate
ID1398,70,India,Hindi,Ambivert,Monthly,Business,Low
ID1399,57,Japan,Japanese,Ambivert,Monthly,Fantasy,Moderate
ID1400,39,Australia,English,Ambivert,Daily,Science & Technology,Moderate
ID1401,71,United States,English,Extrovert,Monthly,Fiction,Low
ID1402,23,United Kingdom,English,Ambivert,Rarely,Fiction,Low
ID1403,39,Spain,Spanish,Ambivert,Several times a week,Fiction,Moderate
ID1404,53,France,French,Extrovert,Daily,Science & Technology,Low
ID1405,64,Mexico,Spanish,Introvert,Daily,Self-Help,High
ID1406,44,India,Hindi,Ambivert,Several times a week,Poetry,Low
ID1407,70,United States,English,Ambivert,Weekly,Science Fiction,Low
ID1408,38,Indonesia,Indonesian,Ambivert,Several times a week,Science Fiction,Moderate
ID1409,58,South Korea,Korean,Introvert,Daily,Mystery & Thriller,High
ID1410,74,Spain,Spanish,Introvert,Several times a week,Romance,Moderate
ID1411,28,Australia,English,Introvert,Several times a week,History,High
ID1412,69,United Kingdom,English,Introvert,Weekly,Fiction,Moderate
ID1413,35,Canada,English,Introvert,Rarely,Fiction,Low
ID1414,56,United States,English,Extrovert,Daily,Fiction,Moderate
ID1415,19,Italy,Italian,Introvert,Weekly,Fiction,High
ID1416,48,Australia,English,Ambivert,Daily,Poetry,Moderate
ID1417,21,Brazil,Portuguese,Ambivert,Weekly,Self-Help,Moderate
ID1418,39,Sweden,Swedish,Introvert,Daily,Fantasy,Moderate
ID1419,48,United States,English,Introvert,Rarely,Business,High
ID1420,61,Japan,Japanese,Ambivert,Daily,Mystery & Thriller,High
ID1421,48,Sweden,Swedish,Extrovert,Weekly,Business,Moderate
ID1422,56,Spain,Spanish,Ambivert,Daily,Biography & Memoir,Moderate
ID1423,63,Canada,English,Ambivert,Daily,Mystery & Thriller,Moderate
ID1424,40,South Korea,Korean,Introvert,Weekly,Biography & Memoir,High
ID1425,29,India,Hindi,Introvert,Weekly,Fiction,Moderate
ID1426,64,India,Hindi,Introvert,Several times a week,History,High
ID1427,43,Brazil,Portuguese,Ambivert,Several times a week,Business,High
ID1428,63,Brazil,Portuguese,Ambivert,Several times a week,History,Low
ID1429,73,United Kingdom,English,Ambivert,Rarely,Biography & Memoir,Moderate
ID1430,61,Sweden,Swedish,Extrovert,Weekly,Poetry,High
ID1431,52,Brazil,Portuguese,Extrovert,Several times a week,Romance,High
ID1432,30,Brazil,Portuguese,Extrovert,Weekly,Romance,Low
ID1433,25,Indonesia,Indonesian,Introvert,Monthly,Fiction,Moderate
ID1434,34,Mexico,Spanish,Extrovert,Weekly,Science Fiction,Moderate
ID1435,36,United States,English,Introvert,Weekly,Business,High
ID1436,27,India,Hindi,Extrovert,Weekly,Self-Help,Low
ID1437,18,Nigeria,English,Ambivert,Weekly,Fiction,Moderate
ID1438,25,India,Hindi,Extrovert,Weekly,History,Low
ID1439,63,India,Hindi,Ambivert,Several times a week,Biography & Memoir,Moderate
ID1440,62,India,Hindi,Introvert,Daily,Biography & Memoir,Moderate
ID1441,75,India,Hindi,Ambivert,Rarely,Mystery & Thriller,Moderate
ID1442,26,Mexico,Spanish,Extrovert,Monthly,Business,Low
ID1443,73,India,Hindi,Introvert,Several times a week,Self-Help,Low
ID1444,37,France,French,Ambivert,Daily,Romance,Moderate
ID1445,33,Nigeria,English,Introvert,Daily,Science Fiction,Low
ID1446,53,United Arab Emirates,Arabic,Introvert,Several times a week,Business,Low
ID1447,62,Brazil,Portuguese,Introvert,Several times a week,Biography & Memoir,Moderate
ID1448,70,United Kingdom,English,Extrovert,Daily,Fiction,Moderate
ID1449,24,Australia,English,Introvert,Rarely,Fantasy,Moderate
ID1450,52,Japan,Japanese,Ambivert,Daily,Romance,Moderate
ID1451,70,South Korea,Korean,Extrovert,Monthly,Fantasy,Moderate
ID1452,62,South Korea,Korean,Introvert,Weekly,Mystery & Thriller,Moderate
ID1453,55,Germany,German,Extrovert,Rarely,Mystery & Thriller,Moderate
ID1454,33,India,Hindi,Introvert,Several times a week,Science Fiction,Moderate
ID1455,29,China,Mandarin Chinese,Ambivert,Several times a week,Business,Moderate
ID1456,35,United Kingdom,English,Ambivert,Daily,Fantasy,Moderate
ID1457,34,India,Hindi,Ambivert,Several times a week,Fantasy,Moderate
ID1458,45,United States,English,Ambivert,Several times a week,Biography & Memoir,Moderate
ID1459,47,United Kingdom,English,Extrovert,Daily,Poetry,High
ID1460,50,India,Hindi,Introvert,Several times a week,Biography & Memoir,High
ID1461,54,Germany,German,Ambivert,Several times a week,Biography & Memoir,High
ID1462,26,Germany,German,Ambivert,Rarely,Biography & Memoir,Low
ID1463,30,France,French,Ambivert,Rarely,History,Moderate
ID1464,27,Canada,English,Ambivert,Weekly,Self-Help,Moderate
ID1465,73,Canada,English,Introvert,Monthly,Business,High
ID1466,72,China,Mandarin Chinese,Extrovert,Rarely,Fantasy,Moderate
ID1467,30,Canada,English,Extrovert,Daily,Romance,Moderate
ID1468,26,Germany,German,Extrovert,Rarely,History,Moderate
ID1469,39,South Korea,Korean,Ambivert,Rarely,Science Fiction,Moderate
ID1470,70,Canada,English,Introvert,Daily,Biography & Memoir,Moderate
ID1471,50,India,Hindi,Ambivert,Daily,Poetry,Moderate
ID1472,68,Canada,English,Ambivert,Several times a week,Self-Help,Low
ID1473,38,Sweden,Swedish,Extrovert,Several times a week,Fantasy,High
ID1474,26,France,French,Extrovert,Rarely,Fantasy,Low
ID1475,55,Sweden,Swedish,Ambivert,Weekly,Business,High
ID1476,20,Japan,Japanese,Ambivert,Several times a week,Biography & Memoir,Moderate
ID1477,75,Japan,Japanese,Extrovert,Monthly,Mystery & Thriller,Low
ID1478,52,United States,English,Introvert,Weekly,Fantasy,Moderate
ID1479,66,Australia,English,Introvert,Several times a week,Poetry,High
ID1480,60,United Kingdom,English,Extrovert,Weekly,History,Low
ID1481,59,Germany,German,Ambivert,Weekly,Self-Help,Moderate
ID1482,69,Italy,Italian,Extrovert,Daily,Fantasy,High
ID1483,69,Nigeria,English,Introvert,Monthly,Business,High
ID1484,46,South Africa,English,Ambivert,Daily,Biography & Memoir,High
ID1485,55,Spain,Spanish,Extrovert,Weekly,Mystery & Thriller,Low
ID1486,31,United Kingdom,English,Introvert,Weekly,Comics & Graphic Novels,High
ID1487,56,United States,English,Ambivert,Weekly,Fantasy,High
ID1488,50,South Africa,English,Introvert,Weekly,History,Moderate
ID1489,43,India,Hindi,Ambivert,Daily,History,Moderate
ID1490,40,France,French,Ambivert,Several times a week,Mystery & Thriller,Moderate
ID1491,55,India,Hindi,Ambivert,Monthly,Fiction,Moderate
ID1492,24,India,Hindi,Extrovert,Monthly,Fantasy,Moderate
ID1493,64,India,Hindi,Introvert,Several times a week,Mystery & Thriller,Moderate
ID1494,53,India,Hindi,Introvert,Daily,Fiction,Moderate
ID1495,67,Netherlands,Dutch,Ambivert,Several times a week,Biography & Memoir,Low
ID1496,46,Mexico,Spanish,Introvert,Daily,Business,High
ID1497,39,China,Mandarin Chinese,Ambivert,Daily,Fantasy,Moderate
ID1498,68,Australia,English,Extrovert,Several times a week,Self-Help,Low
ID1499,41,Italy,Italian,Ambivert,Rarely,Biography & Memoir,High
ID1500,55,India,Hindi,Ambivert,Weekly,Fiction,Moderate
ID1501,40,Germany,German,Introvert,Monthly,Mystery & Thriller,High
ID1502,68,South Africa,English,Extrovert,Several times a week,Romance,Moderate
ID1503,53,Germany,German,Introvert,Several times a week,Mystery & Thriller,Moderate
ID1504,50,Canada,English,Extrovert,Rarely,Poetry,Moderate
ID1505,66,Germany,German,Ambivert,Several times a week,Fiction,High
ID1506,37,South Korea,Korean,Introvert,Monthly,Comics & Graphic Novels,High
ID1507,54,India,Hindi,Extrovert,Rarely,Romance,Moderate
ID1508,55,Brazil,Portuguese,Ambivert,Daily,Romance,Moderate
ID1509,19,France,French,Extrovert,Several times a week,Fiction,High
ID1510,32,Nigeria,English,Introvert,Weekly,Fantasy,Moderate
ID1511,58,Spain,Spanish,Ambivert,Several times a week,Fiction,High
ID1512,44,India,Hindi,Introvert,Daily,Fantasy,High
ID1513,73,United States,English,Extrovert,Weekly,Fiction,High
ID1514,29,Germany,German,Ambivert,Weekly,Science Fiction,Low
ID1515,73,United Kingdom,English,Ambivert,Weekly,Fantasy,High
ID1516,24,Indonesia,Indonesian,Ambivert,Several times a week,Biography & Memoir,Low
ID1517,24,Australia,English,Extrovert,Several times a week,Self-Help,Moderate
ID1518,63,India,Hindi,Introvert,Daily,Biography & Memoir,Low
ID1519,58,Germany,German,Ambivert,Several times a week,Mystery & Thriller,Low
ID1520,28,Nigeria,English,Ambivert,Monthly,Mystery & Thriller,Moderate
ID1521,64,South Africa,English,Ambivert,Daily,Science Fiction,Moderate
ID1522,19,India,Hindi,Introvert,Monthly,Fiction,Moderate
ID1523,41,Brazil,Portuguese,Ambivert,Rarely,Self-Help,Moderate
ID1524,31,China,Mandarin Chinese,Introvert,Monthly,Poetry,Moderate
ID1525,26,Brazil,Portuguese,Ambivert,Daily,Romance,High
ID1526,72,Canada,English,Introvert,Weekly,Biography & Memoir,Low
ID1527,24,Brazil,Portuguese,Ambivert,Weekly,Fiction,Low
ID1528,62,Brazil,Portuguese,Introvert,Weekly,Mystery & Thriller,Low
ID1529,50,India,Hindi,Extrovert,Weekly,Business,Moderate
ID1530,25,Germany,German,Extrovert,Rarely,Fiction,High
ID1531,47,Brazil,Portuguese,Introvert,Daily,Biography & Memoir,High
ID1532,18,South Korea,Korean,Ambivert,Weekly,Fiction,Moderate
ID1533,64,India,Hindi,Ambivert,Rarely,Fiction,Moderate
ID1534,39,India,Hindi,Ambivert,Monthly,Biography & Memoir,Low
ID1535,50,United Kingdom,English,Introvert,Weekly,Self-Help,Low
ID1536,70,United Kingdom,English,Introvert,Rarely,Fantasy,Moderate
ID1537,57,United States,English,Introvert,Daily,Fiction,Moderate
ID1538,38,South Africa,English,Introvert,Weekly,Biography & Memoir,High
ID1539,52,Italy,Italian,Ambivert,Rarely,History,High
ID1540,20,Canada,English,Extrovert,Daily,Comics & Graphic Novels,Moderate
ID1541,28,France,French,Introvert,Daily,Poetry,Low
ID1542,47,India,Hindi,Ambivert,Weekly,Self-Help,Moderate
ID1543,20,Spain,Spanish,Ambivert,Several times a week,Poetry,Moderate
ID1544,59,Mexico,Spanish,Ambivert,Rarely,Mystery & Thriller,Low
ID1545,29,France,French,Extrovert,Several times a week,Fiction,High
ID1546,60,United States,English,Ambivert,Several times a week,History,Moderate
ID1547,65,Brazil,Portuguese,Introvert,Rarely,Fiction,Moderate
ID1548,24,United States,English,Ambivert,Weekly,History,Moderate
ID1549,73,Canada,English,Ambivert,Weekly,Fiction,Moderate
ID1550,39,Australia,English,Introvert,Daily,Mystery & Thriller,Low
ID1551,21,United Kingdom,English,Ambivert,Monthly,Biography & Memoir,Moderate
ID1552,39,India,Hindi,Ambivert,Rarely,Self-Help,Moderate
ID1553,63,Mexico,Spanish,Ambivert,Weekly,History,High
ID1554,26,India,Hindi,Ambivert,Weekly,History,High
ID1555,50,India,Hindi,Ambivert,Several times a week,Fantasy,Moderate
ID1556,71,India,Hindi,Ambivert,Several times a week,Science Fiction,High
ID1557,53,Netherlands,Dutch,Ambivert,Daily,Mystery & Thriller,Low
ID1558,27,Nigeria,English,Ambivert,Several times a week,Business,Low
ID1559,63,India,Hindi,Introvert,Weekly,Fantasy,Moderate
ID1560,62,India,Hindi,Extrovert,Several times a week,Science Fiction,High
ID1561,75,Italy,Italian,Ambivert,Weekly,Fiction,Moderate
ID1562,20,India,Hindi,Extrovert,Several times a week,Romance,High
ID1563,40,India,Hindi,Extrovert,Daily,Fantasy,Moderate
ID1564,64,India,Hindi,Introvert,Daily,Science Fiction,Moderate
ID1565,53,United Kingdom,English,Introvert,Monthly,Romance,High
ID1566,75,United States,English,Introvert,Several times a week,Mystery & Thriller,Moderate
ID1567,36,India,Hindi,Ambivert,Several times a week,Fiction,Moderate
ID1568,35,Mexico,Spanish,Introvert,Several times a week,Fantasy,Moderate
ID1569,44,India,Hindi,Ambivert,Weekly,Mystery & Thriller,Moderate
ID1570,23,India,Hindi,Ambivert,Several times a week,Self-Help,High
ID1571,43,India,Hindi,Ambivert,Several times a week,Biography & Memoir,Low
ID1572,39,United States,English,Ambivert,Daily,Self-Help,Moderate
ID1573,47,India,Hindi,Introvert,Monthly,Biography & Memoir,Moderate
ID1574,48,United Kingdom,English,Extrovert,Rarely,Science & Technology,Moderate
ID1575,65,United States,English,Ambivert,Weekly,Fiction,Moderate
ID1576,45,India,Hindi,Extrovert,Several times a week,Romance,Moderate
ID1577,19,United Kingdom,English,Ambivert,Several times a week,Fiction,High
ID1578,71,China,Mandarin Chinese,Extrovert,Daily,Mystery & Thriller,Moderate
ID1579,46,China,Mandarin Chinese,Introvert,Rarely,Fantasy,Low
ID1580,27,Canada,English,Extrovert,Rarely,Romance,Moderate
ID1581,34,India,Hindi,Extrovert,Daily,Fantasy,Moderate
ID1582,61,United States,English,Ambivert,Rarely,Business,Moderate
ID1583,61,Indonesia,Indonesian,Introvert,Several times a week,Fantasy,Low
ID1584,54,Mexico,Spanish,Introvert,Several times a week,Biography & Memoir,Moderate
ID1585,19,France,French,Ambivert,Several times a week,Fiction,High
ID1586,62,Canada,English,Introvert,Several times a week,Fiction,High
ID1587,27,China,Mandarin Chinese,Ambivert,Several times a week,Romance,Moderate
ID1588,45,China,Mandarin Chinese,Introvert,Rarely,Biography & Memoir,Moderate
ID1589,40,South Korea,Korean,Introvert,Daily,Comics & Graphic Novels,Moderate
ID1590,51,Indonesia,Indonesian,Ambivert,Several times a week,Romance,High
ID1591,73,Spain,Spanish,Ambivert,Rarely,Self-Help,High
ID1592,50,Indonesia,Indonesian,Ambivert,Daily,Science Fiction,Low
ID1593,41,France,French,Ambivert,Rarely,Comics & Graphic Novels,Low
ID1594,28,Spain,Spanish,Ambivert,Weekly,Fiction,Low
ID1595,26,Nigeria,English,Introvert,Several times a week,Poetry,Moderate
ID1596,68,India,Hindi,Ambivert,Weekly,History,Low
ID1597,20,Japan,Japanese,Extrovert,Weekly,Self-Help,High
ID1598,52,Canada,English,Ambivert,Several times a week,Mystery & Thriller,High
ID1599,18,Japan,Japanese,Introvert,Weekly,Comics & Graphic Novels,Moderate
ID1600,38,China,Mandarin Chinese,Ambivert,Monthly,Comics & Graphic Novels,Low
ID1601,69,France,French,Ambivert,Weekly,Self-Help,Moderate
ID1602,56,Canada,English,Introvert,Daily,Business,Moderate
ID1603,38,Germany,German,Introvert,Monthly,Science Fiction,Moderate
ID1604,18,Brazil,Portuguese,Ambivert,Daily,Mystery & Thriller,Moderate
ID1605,37,Spain,Spanish,Ambivert,Several times a week,History,High
ID1606,59,Nigeria,English,Extrovert,Weekly,Fantasy,High
ID1607,31,Japan,Japanese,Introvert,Weekly,Science Fiction,Moderate
ID1608,69,South Korea,Korean,Extrovert,Weekly,Poetry,High
ID1609,33,South Africa,English,Extrovert,Daily,Science Fiction,Moderate
ID1610,44,India,Hindi,Ambivert,Rarely,Fantasy,Low
ID1611,27,Nigeria,English,Extrovert,Weekly,Science & Technology,Low
ID1612,32,Germany,German,Ambivert,Daily,Fiction,Moderate
ID1613,44,Spain,Spanish,Introvert,Monthly,Fantasy,High
ID1614,68,United States,English,Extrovert,Several times a week,Self-Help,High
ID1615,19,Canada,English,Introvert,Weekly,Science & Technology,Moderate
ID1616,57,Germany,German,Ambivert,Weekly,Poetry,Moderate
ID1617,43,United States,English,Extrovert,Daily,Fantasy,Low
ID1618,25,Mexico,Spanish,Ambivert,Daily,Romance,High
ID1619,46,India,Hindi,Extrovert,Daily,Romance,High
ID1620,40,India,Hindi,Introvert,Daily,Fiction,Low
ID1621,70,Germany,German,Ambivert,Weekly,Romance,Moderate
ID1622,58,India,Hindi,Ambivert,Weekly,Poetry,Low
ID1623,73,China,Mandarin Chinese,Introvert,Daily,Fiction,Moderate
ID1624,44,China,Mandarin Chinese,Extrovert,Daily,Romance,Low
ID1625,60,India,Hindi,Ambivert,Several times a week,Science Fiction,Low
ID1626,37,Mexico,Spanish,Ambivert,Rarely,Biography & Memoir,Moderate
ID1627,24,Netherlands,Dutch,Ambivert,Daily,Romance,High
ID1628,34,United States,English,Introvert,Weekly,Science Fiction,Low
ID1629,53,South Korea,Korean,Ambivert,Daily,Fiction,Moderate
ID1630,34,Germany,German,Introvert,Monthly,Mystery & Thriller,Low
ID1631,18,Nigeria,English,Introvert,Weekly,Mystery & Thriller,High
ID1632,71,South Korea,Korean,Introvert,Daily,Comics & Graphic Novels,High
ID1633,20,India,Hindi,Ambivert,Daily,Fiction,Moderate
ID1634,43,United States,English,Ambivert,Weekly,History,Moderate
ID1635,61,United Kingdom,English,Extrovert,Weekly,Fiction,Moderate
ID1636,54,Australia,English,Ambivert,Several times a week,Romance,High
ID1637,29,India,Hindi,Ambivert,Several times a week,History,Moderate
ID1638,59,Nigeria,English,Ambivert,Monthly,Science Fiction,Moderate
ID1639,59,India,Hindi,Extrovert,Daily,Romance,High
ID1640,40,Germany,German,Ambivert,Monthly,Fiction,High
ID1641,18,South Korea,Korean,Introvert,Monthly,Fiction,High
ID1642,33,Mexico,Spanish,Extrovert,Weekly,Biography & Memoir,Moderate
ID1643,37,Mexico,Spanish,Introvert,Daily,Business,Moderate
ID1644,50,India,Hindi,Introvert,Daily,Biography & Memoir,Moderate
ID1645,23,Netherlands,Dutch,Extrovert,Several times a week,Comics & Graphic Novels,High
ID1646,72,Italy,Italian,Introvert,Several times a week,Science Fiction,High
ID1647,41,Brazil,Portuguese,Ambivert,Rarely,Comics & Graphic Novels,Moderate
ID1648,48,United Kingdom,English,Ambivert,Weekly,Fantasy,Low
ID1649,27,France,French,Ambivert,Rarely,Biography & Memoir,Moderate
ID1650,61,South Africa,English,Extrovert,Several times a week,Science Fiction,Low
ID1651,24,Italy,Italian,Introvert,Daily,Fantasy,High
ID1652,42,Canada,English,Introvert,Weekly,Comics & Graphic Novels,Low
ID1653,65,Mexico,Spanish,Ambivert,Monthly,Fantasy,Moderate
ID1654,36,Spain,Spanish,Ambivert,Rarely,Mystery & Thriller,High
ID1655,38,Brazil,Portuguese,Ambivert,Monthly,Fiction,Moderate
ID1656,74,United States,English,Introvert,Weekly,Fiction,High
ID1657,30,Mexico,Spanish,Introvert,Several times a week,Fiction,Moderate
ID1658,52,India,Hindi,Introvert,Several times a week,Romance,Moderate
ID1659,71,India,Hindi,Extrovert,Several times a week,Science & Technology,Moderate
ID1660,39,India,Hindi,Introvert,Several times a week,Fantasy,Moderate
ID1661,20,India,Hindi,Extrovert,Daily,Self-Help,Low
ID1662,40,Netherlands,Dutch,Ambivert,Several times a week,Romance,High
ID1663,74,India,Hindi,Extrovert,Rarely,Fiction,Moderate
ID1664,24,Mexico,Spanish,Ambivert,Daily,Romance,Moderate
ID1665,29,India,Hindi,Ambivert,Several times a week,Poetry,Moderate
ID1666,22,Germany,German,Introvert,Weekly,Science Fiction,Low
ID1667,35,India,Hindi,Extrovert,Several times a week,Fiction,Moderate
ID1668,23,Brazil,Portuguese,Introvert,Several times a week,Science Fiction,Moderate
ID1669,70,Japan,Japanese,Introvert,Rarely,Science Fiction,Moderate
ID1670,45,Canada,English,Introvert,Several times a week,Romance,Moderate
ID1671,75,United States,English,Ambivert,Rarely,Self-Help,High
ID1672,55,India,Hindi,Ambivert,Rarely,Fiction,Moderate
ID1673,52,Mexico,Spanish,Extrovert,Monthly,Fiction,Low
ID1674,50,Japan,Japanese,Introvert,Weekly,Mystery & Thriller,High
ID1675,60,France,French,Introvert,Several times a week,Mystery & Thriller,High
ID1676,50,United States,English,Introvert,Weekly,Science Fiction,Moderate
ID1677,23,Australia,English,Introvert,Rarely,Fantasy,Moderate
ID1678,45,India,Hindi,Extrovert,Daily,Self-Help,High
ID1679,56,Germany,German,Introvert,Daily,Mystery & Thriller,Moderate
ID1680,41,Italy,Italian,Introvert,Several times a week,Business,High
ID1681,52,Germany,German,Extrovert,Daily,Mystery & Thriller,Moderate
ID1682,38,France,French,Ambivert,Weekly,Fantasy,High
ID1683,64,India,Hindi,Introvert,Weekly,History,Moderate
ID1684,53,United Kingdom,English,Introvert,Daily,Science Fiction,Low
ID1685,23,China,Mandarin Chinese,Introvert,Several times a week,Self-Help,Moderate
ID1686,45,Brazil,Portuguese,Extrovert,Daily,Fiction,Moderate
ID1687,74,United Kingdom,English,Ambivert,Weekly,Fiction,Moderate
ID1688,72,Nigeria,English,Ambivert,Several times a week,Biography & Memoir,High
ID1689,35,Spain,Spanish,Extrovert,Monthly,Fantasy,Low
ID1690,34,United States,English,Introvert,Monthly,Mystery & Thriller,Moderate
ID1691,41,Brazil,Portuguese,Extrovert,Weekly,Poetry,Moderate
ID1692,59,India,Hindi,Introvert,Daily,Romance,Moderate
ID1693,39,India,Hindi,Introvert,Daily,Poetry,Moderate
ID1694,47,India,Hindi,Extrovert,Rarely,Romance,Low
ID1695,62,Sweden,Swedish,Ambivert,Rarely,Mystery & Thriller,Low
ID1696,34,Indonesia,Indonesian,Ambivert,Daily,Fantasy,High
ID1697,67,United States,English,Ambivert,Monthly,Fiction,Low
ID1698,42,United Arab Emirates,Arabic,Ambivert,Daily,Fantasy,High
ID1699,69,India,Hindi,Extrovert,Daily,Business,High
ID1700,51,Spain,Spanish,Ambivert,Rarely,Business,Moderate
ID1701,48,Japan,Japanese,Introvert,Rarely,Science & Technology,Low
ID1702,24,Brazil,Portuguese,Ambivert,Daily,Biography & Memoir,High
ID1703,74,Japan,Japanese,Ambivert,Weekly,Science & Technology,High
ID1704,51,India,Hindi,Ambivert,Daily,Mystery & Thriller,Low
ID1705,53,Germany,German,Extrovert,Weekly,Fantasy,Moderate
ID1706,62,India,Hindi,Introvert,Daily,Poetry,Moderate
ID1707,37,Mexico,Spanish,Introvert,Daily,Science Fiction,High
ID1708,73,Sweden,Swedish,Ambivert,Daily,Science Fiction,Moderate
ID1709,49,Nigeria,English,Ambivert,Weekly,Poetry,High
ID1710,26,India,Hindi,Ambivert,Several times a week,History,Low
ID1711,64,India,Hindi,Ambivert,Monthly,Self-Help,Low
ID1712,63,India,Hindi,Introvert,Several times a week,Science Fiction,High
ID1713,41,Canada,English,Introvert,Several times a week,Romance,Moderate
ID1714,74,India,Hindi,Ambivert,Daily,Fantasy,Moderate
ID1715,53,India,Hindi,Introvert,Several times a week,Mystery & Thriller,Low
ID1716,31,Indonesia,Indonesian,Ambivert,Several times a week,Fiction,Moderate
ID1717,69,India,Hindi,Introvert,Rarely,Romance,Moderate
ID1718,44,France,French,Introvert,Monthly,Mystery & Thriller,High
ID1719,69,United Kingdom,English,Ambivert,Several times a week,Fantasy,Moderate
ID1720,40,Spain,Spanish,Extrovert,Several times a week,Fantasy,Moderate
ID1721,59,Germany,German,Introvert,Monthly,Fiction,Moderate
ID1722,72,United Kingdom,English,Extrovert,Several times a week,Fantasy,High
ID1723,57,Germany,German,Ambivert,Several times a week,Fantasy,Low
ID1724,26,Brazil,Portuguese,Extrovert,Rarely,Science Fiction,Moderate
ID1725,64,Japan,Japanese,Ambivert,Several times a week,Fantasy,High
ID1726,46,Indonesia,Indonesian,Extrovert,Weekly,Comics & Graphic Novels,High
ID1727,49,China,Mandarin Chinese,Ambivert,Monthly,Mystery & Thriller,Moderate
ID1728,22,South Africa,English,Introvert,Several times a week,Fiction,Low
ID1729,63,Mexico,Spanish,Introvert,Daily,Poetry,Moderate
ID1730,53,South Africa,English,Extrovert,Several times a week,Fiction,Moderate
ID1731,60,France,French,Ambivert,Daily,Biography & Memoir,High
ID1732,44,Japan,Japanese,Extrovert,Several times a week,Business,High
ID1733,39,Japan,Japanese,Extrovert,Several times a week,Biography & Memoir,Moderate
ID1734,20,Canada,English,Introvert,Several times a week,Mystery & Thriller,Moderate
ID1735,69,Mexico,Spanish,Extrovert,Weekly,Mystery & Thriller,Moderate
ID1736,39,Germany,German,Ambivert,Several times a week,Fiction,Moderate
ID1737,70,Japan,Japanese,Introvert,Monthly,Biography & Memoir,Moderate
ID1738,51,India,Hindi,Extrovert,Monthly,Mystery & Thriller,High
ID1739,39,India,Hindi,Introvert,Daily,Mystery & Thriller,High
ID1740,58,Canada,English,Introvert,Several times a week,Fantasy,High
ID1741,65,United Kingdom,English,Introvert,Daily,Mystery & Thriller,High
ID1742,73,Canada,English,Extrovert,Several times a week,Romance,Low
ID1743,21,France,French,Extrovert,Daily,Fiction,Moderate
ID1744,42,United States,English,Ambivert,Daily,Science Fiction,High
ID1745,46,Sweden,Swedish,Introvert,Daily,Biography & Memoir,Moderate
ID1746,66,France,French,Ambivert,Daily,Romance,Moderate
ID1747,65,United States,English,Extrovert,Weekly,Science & Technology,Moderate
ID1748,63,India,Hindi,Extrovert,Several times a week,Romance,Moderate
ID1749,56,Germany,German,Extrovert,Monthly,Romance,High
ID1750,63,United Kingdom,English,Extrovert,Monthly,Comics & Graphic Novels,Low
ID1751,41,United States,English,Ambivert,Daily,Romance,High
ID1752,54,United States,English,Extrovert,Weekly,Fiction,Low
ID1753,42,United Kingdom,English,Ambivert,Rarely,Romance,Low
ID1754,40,India,Hindi,Introvert,Several times a week,Fiction,Moderate
ID1755,23,United States,English,Introvert,Weekly,Self-Help,Moderate
ID1756,61,India,Hindi,Ambivert,Monthly,Romance,Moderate
ID1757,66,Spain,Spanish,Ambivert,Several times a week,Fantasy,Moderate
ID1758,43,United States,English,Ambivert,Weekly,Biography & Memoir,High
ID1759,57,Italy,Italian,Extrovert,Weekly,Science & Technology,Moderate
ID1760,36,China,Mandarin Chinese,Ambivert,Daily,Biography & Memoir,High
ID1761,21,United States,English,Introvert,Daily,History,Moderate
ID1762,19,China,Mandarin Chinese,Ambivert,Daily,Mystery & Thriller,Moderate
ID1763,29,Germany,German,Introvert,Weekly,Fiction,Low
ID1764,40,Indonesia,Indonesian,Ambivert,Daily,Business,High
ID1765,74,Spain,Spanish,Ambivert,Several times a week,Fiction,Moderate
ID1766,73,Canada,English,Ambivert,Several times a week,Fiction,Moderate
ID1767,27,United States,English,Ambivert,Weekly,History,High
ID1768,43,India,Hindi,Ambivert,Monthly,Romance,Low
ID1769,50,Japan,Japanese,Ambivert,Weekly,Biography & Memoir,Moderate
ID1770,72,Spain,Spanish,Introvert,Weekly,Poetry,Moderate
ID1771,36,Australia,English,Introvert,Several times a week,Biography & Memoir,High
ID1772,18,United Kingdom,English,Extrovert,Monthly,Biography & Memoir,Moderate
ID1773,50,Japan,Japanese,Extrovert,Daily,Fantasy,High
ID1774,25,Spain,Spanish,Extrovert,Several times a week,Self-Help,Moderate
ID1775,74,Japan,Japanese,Introvert,Several times a week,History,Low
ID1776,35,Netherlands,Dutch,Extrovert,Weekly,Biography & Memoir,High
ID1777,18,South Korea,Korean,Introvert,Daily,Fantasy,Moderate
ID1778,44,China,Mandarin Chinese,Ambivert,Daily,Science Fiction,Moderate
ID1779,74,Germany,German,Ambivert,Several times a week,Mystery & Thriller,High
ID1780,21,United Kingdom,English,Extrovert,Weekly,Science & Technology,Moderate
ID1781,21,South Korea,Korean,Ambivert,Several times a week,Fiction,Moderate
ID1782,31,Spain,Spanish,Ambivert,Several times a week,Science Fiction,Moderate
ID1783,25,India,Hindi,Ambivert,Weekly,History,Moderate
ID1784,30,United States,English,Introvert,Weekly,Romance,Low
ID1785,53,India,Hindi,Extrovert,Several times a week,Fiction,High
ID1786,59,United States,English,Ambivert,Several times a week,Romance,Moderate
ID1787,32,India,Hindi,Extrovert,Weekly,History,Moderate
ID1788,67,France,French,Introvert,Weekly,History,Moderate
ID1789,31,Spain,Spanish,Ambivert,Daily,Romance,High
ID1790,57,Mexico,Spanish,Introvert,Weekly,Biography & Memoir,Low
ID1791,64,United Kingdom,English,Extrovert,Monthly,Business,Moderate
ID1792,25,Spain,Spanish,Extrovert,Monthly,Fantasy,High
ID1793,70,Spain,Spanish,Ambivert,Several times a week,Fiction,Moderate
ID1794,35,United States,English,Introvert,Weekly,Comics & Graphic Novels,Moderate
ID1795,75,United States,English,Ambivert,Monthly,Mystery & Thriller,Moderate
ID1796,32,United Arab Emirates,Arabic,Introvert,Several times a week,Romance,Moderate
ID1797,28,Canada,English,Introvert,Monthly,Fiction,Moderate
ID1798,60,Indonesia,Indonesian,Ambivert,Monthly,Fiction,Low
ID1799,48,United States,English,Ambivert,Weekly,Fiction,High
ID1800,45,India,Hindi,Introvert,Monthly,Science Fiction,Moderate
ID1801,70,United States,English,Introvert,Several times a week,Mystery & Thriller,Moderate
ID1802,20,United States,English,Ambivert,Rarely,Biography & Memoir,High
ID1803,70,United States,English,Ambivert,Several times a week,Self-Help,Moderate
ID1804,36,Spain,Spanish,Ambivert,Monthly,Science Fiction,High
ID1805,53,France,French,Ambivert,Monthly,Mystery & Thriller,Moderate
ID1806,25,France,French,Introvert,Several times a week,Mystery & Thriller,Low
ID1807,35,Canada,English,Ambivert,Daily,Science Fiction,Moderate
ID1808,56,Japan,Japanese,Ambivert,Weekly,History,Low
ID1809,37,India,Hindi,Ambivert,Daily,Fiction,Low
ID1810,52,United States,English,Ambivert,Weekly,History,High
ID1811,68,Indonesia,Indonesian,Introvert,Daily,Fantasy,Moderate
ID1812,20,Canada,English,Extrovert,Monthly,Romance,Low
ID1813,21,Australia,English,Extrovert,Rarely,Biography & Memoir,Low
ID1814,68,United Arab Emirates,Arabic,Introvert,Daily,Fantasy,Moderate
ID1815,67,Nigeria,English,Ambivert,Monthly,Poetry,Moderate
ID1816,71,India,Hindi,Introvert,Daily,Fantasy,High
ID1817,62,Australia,English,Extrovert,Monthly,Fiction,Moderate
ID1818,29,India,Hindi,Ambivert,Several times a week,Fantasy,High
ID1819,19,United States,English,Ambivert,Weekly,Business,Moderate
ID1820,20,Canada,English,Ambivert,Weekly,Science & Technology,Moderate
ID1821,74,Mexico,Spanish,Extrovert,Rarely,Biography & Memoir,Moderate
ID1822,67,Germany,German,Ambivert,Weekly,Romance,Moderate
ID1823,65,China,Mandarin Chinese,Introvert,Several times a week,Mystery & Thriller,High
ID1824,70,Brazil,Portuguese,Extrovert,Monthly,Romance,Low
ID1825,68,Canada,English,Ambivert,Monthly,Mystery & Thriller,Moderate
ID1826,35,United States,English,Extrovert,Several times a week,Biography & Memoir,High
ID1827,18,Brazil,Portuguese,Introvert,Several times a week,Comics & Graphic Novels,High
ID1828,28,Germany,German,Ambivert,Weekly,History,Moderate
ID1829,18,Germany,German,Extrovert,Monthly,Self-Help,Moderate
ID1830,48,United Arab Emirates,Arabic,Introvert,Weekly,Biography & Memoir,Moderate
ID1831,69,Canada,English,Ambivert,Monthly,Science & Technology,Moderate
ID1832,40,United Kingdom,English,Ambivert,Monthly,Mystery & Thriller,High
ID1833,49,United Kingdom,English,Ambivert,Daily,Business,Moderate
ID1834,36,Nigeria,English,Ambivert,Rarely,Biography & Memoir,High
ID1835,25,Japan,Japanese,Extrovert,Daily,Fiction,Moderate
ID1836,37,India,Hindi,Ambivert,Weekly,Self-Help,Moderate
ID1837,24,Australia,English,Ambivert,Several times a week,Science Fiction,High
ID1838,56,Germany,German,Ambivert,Daily,Poetry,Moderate
ID1839,20,South Korea,Korean,Ambivert,Daily,Romance,Moderate
ID1840,75,Japan,Japanese,Introvert,Monthly,Self-Help,Moderate
ID1841,25,India,Hindi,Extrovert,Daily,Fantasy,High
ID1842,32,Canada,English,Introvert,Daily,Mystery & Thriller,Moderate
ID1843,50,Australia,English,Ambivert,Daily,Mystery & Thriller,Low
ID1844,20,India,Hindi,Introvert,Daily,Business,Low
ID1845,65,Mexico,Spanish,Ambivert,Monthly,Self-Help,High
ID1846,73,Spain,Spanish,Introvert,Several times a week,Romance,High
ID1847,56,United States,English,Ambivert,Several times a week,Romance,Moderate
ID1848,65,Brazil,Portuguese,Ambivert,Monthly,Mystery & Thriller,Moderate
ID1849,53,South Korea,Korean,Introvert,Several times a week,Self-Help,High
ID1850,42,India,Hindi,Extrovert,Monthly,Fiction,High
ID1851,46,Canada,English,Ambivert,Several times a week,Science Fiction,Moderate
ID1852,26,Canada,English,Introvert,Rarely,History,Moderate
ID1853,36,India,Hindi,Ambivert,Daily,Biography & Memoir,Low
ID1854,62,Mexico,Spanish,Introvert,Several times a week,Business,Moderate
ID1855,67,Netherlands,Dutch,Introvert,Weekly,Science & Technology,Moderate
ID1856,30,Brazil,Portuguese,Introvert,Monthly,Fiction,Moderate
ID1857,60,Mexico,Spanish,Introvert,Weekly,Fiction,Moderate
ID1858,27,India,Hindi,Ambivert,Rarely,Self-Help,Moderate
ID1859,42,Germany,German,Introvert,Several times a week,Self-Help,Low
ID1860,52,China,Mandarin Chinese,Ambivert,Several times a week,Romance,Low
ID1861,63,France,French,Extrovert,Rarely,Science Fiction,High
ID1862,63,France,French,Extrovert,Monthly,Fiction,High
ID1863,45,Brazil,Portuguese,Ambivert,Monthly,Romance,Moderate
ID1864,38,Germany,German,Introvert,Daily,Fantasy,Moderate
ID1865,36,United States,English,Ambivert,Several times a week,Self-Help,High
ID1866,44,France,French,Extrovert,Several times a week,Mystery & Thriller,Moderate
ID1867,29,Italy,Italian,Extrovert,Daily,Mystery & Thriller,High
ID1868,20,Spain,Spanish,Extrovert,Rarely,Fantasy,Moderate
ID1869,42,United Kingdom,English,Introvert,Several times a week,Romance,Moderate
ID1870,59,Italy,Italian,Ambivert,Daily,Fiction,High
ID1871,44,India,Hindi,Extrovert,Several times a week,Fiction,Moderate
ID1872,18,India,Hindi,Introvert,Weekly,Fantasy,Moderate
ID1873,36,Germany,German,Introvert,Weekly,Poetry,Moderate
ID1874,56,India,Hindi,Extrovert,Daily,Mystery & Thriller,High
ID1875,35,Nigeria,English,Ambivert,Weekly,Comics & Graphic Novels,Moderate
ID1876,49,China,Mandarin Chinese,Ambivert,Rarely,Biography & Memoir,Low
ID1877,61,Germany,German,Extrovert,Monthly,Biography & Memoir,Low
ID1878,19,France,French,Ambivert,Daily,Fiction,Moderate
ID1879,69,China,Mandarin Chinese,Introvert,Monthly,Science Fiction,Moderate
ID1880,30,United Arab Emirates,Arabic,Ambivert,Several times a week,Romance,Moderate
ID1881,22,Nigeria,English,Introvert,Weekly,Fiction,High
ID1882,30,Brazil,Portuguese,Extrovert,Weekly,Science & Technology,High
ID1883,20,Canada,English,Introvert,Weekly,Biography & Memoir,Moderate
ID1884,32,France,French,Extrovert,Weekly,Romance,Moderate
ID1885,62,Germany,German,Extrovert,Several times a week,Self-Help,High
ID1886,48,India,Hindi,Ambivert,Several times a week,Biography & Memoir,High
ID1887,34,Mexico,Spanish,Ambivert,Several times a week,Comics & Graphic Novels,Moderate
ID1888,72,Germany,German,Introvert,Several times a week,Fiction,Moderate
ID1889,48,Canada,English,Extrovert,Several times a week,Mystery & Thriller,High
ID1890,33,India,Hindi,Extrovert,Daily,Mystery & Thriller,Low
ID1891,55,Netherlands,Dutch,Introvert,Several times a week,Fantasy,High
ID1892,25,South Korea,Korean,Introvert,Daily,Science Fiction,Moderate
ID1893,22,United Kingdom,English,Extrovert,Daily,History,Low
ID1894,25,United States,English,Extrovert,Rarely,Fiction,High
ID1895,60,Canada,English,Extrovert,Several times a week,Fiction,High
ID1896,64,India,Hindi,Introvert,Weekly,Biography & Memoir,High
ID1897,35,Spain,Spanish,Extrovert,Several times a week,Poetry,Moderate
ID1898,41,United Kingdom,English,Introvert,Several times a week,Fiction,High
ID1899,52,India,Hindi,Ambivert,Monthly,Mystery & Thriller,High
ID1900,54,United States,English,Extrovert,Several times a week,Romance,Moderate
ID1901,27,Canada,English,Ambivert,Weekly,Science Fiction,High
ID1902,48,United States,English,Introvert,Weekly,Science Fiction,Moderate
ID1903,22,India,Hindi,Introvert,Several times a week,Science & Technology,High
ID1904,59,Spain,Spanish,Ambivert,Daily,Business,Low
ID1905,19,India,Hindi,Ambivert,Rarely,Poetry,Moderate
ID1906,38,Mexico,Spanish,Extrovert,Rarely,Fiction,Moderate
ID1907,57,India,Hindi,Extrovert,Several times a week,Biography & Memoir,Low
ID1908,36,Spain,Spanish,Introvert,Several times a week,Business,Moderate
ID1909,51,Germany,German,Introvert,Several times a week,Mystery & Thriller,Moderate
ID1910,68,United Kingdom,English,Introvert,Several times a week,Fantasy,Moderate
ID1911,23,Canada,English,Ambivert,Rarely,Fantasy,Moderate
ID1912,54,Canada,English,Extrovert,Several times a week,Biography & Memoir,Moderate
ID1913,41,United States,English,Ambivert,Daily,Mystery & Thriller,Moderate
ID1914,54,Italy,Italian,Extrovert,Daily,Fiction,Low
ID1915,31,United States,English,Extrovert,Weekly,Mystery & Thriller,Low
ID1916,57,India,Hindi,Extrovert,Weekly,Fiction,Moderate
ID1917,19,Spain,Spanish,Extrovert,Monthly,History,Moderate
ID1918,45,United States,English,Introvert,Several times a week,Business,High
ID1919,62,United States,English,Ambivert,Weekly,Fantasy,High
ID1920,29,India,Hindi,Extrovert,Several times a week,Fantasy,High
ID1921,47,United States,English,Extrovert,Monthly,Mystery & Thriller,Low
ID1922,31,India,Hindi,Ambivert,Daily,Science & Technology,High
ID1923,38,United States,English,Ambivert,Several times a week,Science Fiction,Low
ID1924,57,United Kingdom,English,Introvert,Monthly,Fiction,High
ID1925,56,United Arab Emirates,Arabic,Ambivert,Weekly,Science Fiction,Moderate
ID1926,45,Canada,English,Ambivert,Weekly,Romance,Low
ID1927,38,India,Hindi,Ambivert,Several times a week,Fiction,High
ID1928,41,India,Hindi,Ambivert,Several times a week,Mystery & Thriller,Moderate
ID1929,67,South Africa,English,Introvert,Monthly,Mystery & Thriller,High
ID1930,39,South Africa,English,Ambivert,Weekly,Fiction,High
ID1931,21,Canada,English,Ambivert,Rarely,Fiction,Moderate
ID1932,49,India,Hindi,Ambivert,Daily,Biography & Memoir,Low
ID1933,30,India,Hindi,Introvert,Several times a week,Fantasy,High
ID1934,48,Japan,Japanese,Introvert,Several times a week,Romance,Moderate
ID1935,54,Germany,German,Ambivert,Monthly,Poetry,Moderate
ID1936,38,Brazil,Portuguese,Ambivert,Several times a week,Mystery & Thriller,Moderate
ID1937,56,Indonesia,Indonesian,Ambivert,Daily,Biography & Memoir,Moderate
ID1938,22,India,Hindi,Introvert,Weekly,Romance,Moderate
ID1939,44,Italy,Italian,Introvert,Rarely,Self-Help,Moderate
ID1940,41,United States,English,Ambivert,Weekly,Self-Help,High
ID1941,30,Canada,English,Extrovert,Daily,Mystery & Thriller,Moderate
ID1942,48,Indonesia,Indonesian,Introvert,Several times a week,Self-Help,High
ID1943,24,United States,English,Ambivert,Rarely,Fantasy,Low
ID1944,69,Australia,English,Ambivert,Several times a week,Mystery & Thriller,High
ID1945,21,South Africa,English,Ambivert,Several times a week,Fiction,Moderate
ID1946,74,Japan,Japanese,Introvert,Several times a week,Comics & Graphic Novels,High
ID1947,73,United Kingdom,English,Introvert,Rarely,History,Moderate
ID1948,18,United States,English,Ambivert,Daily,History,Moderate
ID1949,25,Australia,English,Ambivert,Several times a week,Fiction,Moderate
ID1950,31,Germany,German,Extrovert,Daily,Fiction,Low
ID1951,28,United States,English,Extrovert,Several times a week,Self-Help,Moderate
ID1952,37,India,Hindi,Ambivert,Several times a week,Business,High
ID1953,30,China,Mandarin Chinese,Ambivert,Monthly,Fiction,Low
ID1954,72,Sweden,Swedish,Introvert,Daily,Science Fiction,Low
ID1955,45,United States,English,Introvert,Daily,Fantasy,High
ID1956,39,Netherlands,Dutch,Ambivert,Rarely,Mystery & Thriller,High
ID1957,54,Italy,Italian,Ambivert,Monthly,Romance,High
ID1958,75,India,Hindi,Ambivert,Monthly,Science & Technology,Moderate
ID1959,34,South Korea,Korean,Ambivert,Daily,Science Fiction,High
ID1960,22,Netherlands,Dutch,Introvert,Weekly,Fantasy,Low
ID1961,48,Canada,English,Extrovert,Several times a week,Business,High
ID1962,61,Nigeria,English,Ambivert,Daily,Fantasy,High
ID1963,50,Germany,German,Introvert,Weekly,Romance,Moderate
ID1964,46,United States,English,Introvert,Weekly,Science Fiction,Moderate
ID1965,58,Nigeria,English,Ambivert,Weekly,Science Fiction,Low
ID1966,45,United States,English,Ambivert,Daily,Science Fiction,Moderate
ID1967,27,Germany,German,Ambivert,Daily,Comics & Graphic Novels,Low
ID1968,41,Australia,English,Ambivert,Several times a week,Biography & Memoir,High
ID1969,69,India,Hindi,Extrovert,Daily,Biography & Memoir,High
ID1970,65,India,Hindi,Ambivert,Weekly,Biography & Memoir,Moderate
ID1971,57,France,French,Ambivert,Monthly,Mystery & Thriller,Moderate
ID1972,21,China,Mandarin Chinese,Introvert,Rarely,Fiction,High
ID1973,66,India,Hindi,Introvert,Rarely,Mystery & Thriller,Low
ID1974,33,Italy,Italian,Ambivert,Several times a week,Science Fiction,Moderate
ID1975,18,Italy,Italian,Introvert,Daily,Fiction,Moderate
ID1976,20,South Africa,English,Introvert,Weekly,Mystery & Thriller,High
ID1977,61,Brazil,Portuguese,Ambivert,Several times a week,Science Fiction,High
ID1978,66,Japan,Japanese,Extrovert,Weekly,Fantasy,Moderate
ID1979,35,United States,English,Introvert,Daily,Science Fiction,Moderate
ID1980,22,India,Hindi,Ambivert,Several times a week,Romance,Moderate
ID1981,36,United Kingdom,English,Introvert,Several times a week,Comics & Graphic Novels,Moderate
ID1982,53,South Korea,Korean,Introvert,Weekly,Business,Low
ID1983,55,Canada,English,Ambivert,Several times a week,Business,Moderate
ID1984,74,India,Hindi,Ambivert,Weekly,Fiction,Moderate
ID1985,42,Nigeria,English,Ambivert,Weekly,Poetry,Moderate
ID1986,48,China,Mandarin Chinese,Extrovert,Rarely,Fiction,Moderate
ID1987,26,China,Mandarin Chinese,Extrovert,Rarely,Fantasy,High
ID1988,53,Netherlands,Dutch,Introvert,Daily,Mystery & Thriller,Low
ID1989,33,Germany,German,Extrovert,Daily,Biography & Memoir,Moderate
ID1990,23,United States,English,Introvert,Weekly,Biography & Memoir,Moderate
ID1991,59,India,Hindi,Ambivert,Several times a week,Fiction,High
ID1992,19,Brazil,Portuguese,Introvert,Daily,Science Fiction,Low
ID1993,29,India,Hindi,Extrovert,Several times a week,Fantasy,High
ID1994,33,France,French,Extrovert,Several times a week,Fiction,High
ID1995,37,Brazil,Portuguese,Introvert,Rarely,Mystery & Thriller,Moderate
ID1996,44,India,Hindi,Introvert,Daily,Comics & Graphic Novels,Low
ID1997,73,India,Hindi,Extrovert,Daily,Biography & Memoir,Moderate
ID1998,37,Germany,German,Introvert,Several times a week,Romance,Moderate
ID1999,70,Germany,German,Extrovert,Weekly,Romance,Moderate
ID2000,52,India,Hindi,Ambivert,Daily,Fantasy,High
ID2001,51,France,French,Extrovert,Several times a week,History,Moderate
ID2002,66,France,French,Ambivert,Rarely,Fantasy,Low
ID2003,55,Japan,Japanese,Ambivert,Daily,Business,High
ID2004,64,United States,English,Ambivert,Rarely,Mystery & Thriller,High
ID2005,69,South Africa,English,Introvert,Rarely,Mystery & Thriller,Moderate
ID2006,54,Japan,Japanese,Extrovert,Weekly,Mystery & Thriller,Low
ID2007,23,China,Mandarin Chinese,Introvert,Several times a week,Mystery & Thriller,Low
ID2008,39,South Africa,English,Ambivert,Weekly,History,High
ID2009,42,United Kingdom,English,Ambivert,Weekly,Fantasy,High
ID2010,18,Canada,English,Introvert,Several times a week,Mystery & Thriller,Moderate
ID2011,54,China,Mandarin Chinese,Ambivert,Daily,Biography & Memoir,Moderate
ID2012,74,Australia,English,Ambivert,Daily,Mystery & Thriller,Moderate
ID2013,22,Italy,Italian,Introvert,Rarely,Biography & Memoir,Moderate
ID2014,60,India,Hindi,Extrovert,Daily,Mystery & Thriller,High
ID2015,49,Brazil,Portuguese,Ambivert,Rarely,Romance,High
ID2016,74,Japan,Japanese,Ambivert,Monthly,Poetry,Moderate
ID2017,26,India,Hindi,Ambivert,Several times a week,Mystery & Thriller,Moderate
ID2018,38,United States,English,Ambivert,Several times a week,History,Moderate
ID2019,64,Nigeria,English,Introvert,Daily,Fiction,Moderate
ID2020,20,India,Hindi,Introvert,Monthly,Mystery & Thriller,Moderate
ID2021,26,Italy,Italian,Extrovert,Daily,Fiction,Moderate
ID2022,42,France,French,Introvert,Several times a week,Mystery & Thriller,Moderate
ID2023,24,Italy,Italian,Extrovert,Several times a week,Mystery & Thriller,Low
ID2024,54,United States,English,Extrovert,Daily,Science Fiction,Moderate
ID2025,72,Indonesia,Indonesian,Ambivert,Daily,Science Fiction,Moderate
ID2026,67,Italy,Italian,Extrovert,Daily,Mystery & Thriller,High
ID2027,68,United Kingdom,English,Extrovert,Monthly,Business,Low
ID2028,53,Nigeria,English,Extrovert,Weekly,Fantasy,Low
ID2029,54,Canada,English,Ambivert,Several times a week,History,Moderate
ID2030,35,South Africa,English,Ambivert,Weekly,Fantasy,Moderate
ID2031,40,India,Hindi,Introvert,Weekly,Mystery & Thriller,High
ID2032,72,United Kingdom,English,Extrovert,Several times a week,Fiction,High
ID2033,71,Italy,Italian,Ambivert,Several times a week,Business,High
ID2034,54,Canada,English,Extrovert,Several times a week,Mystery & Thriller,High
ID2035,70,India,Hindi,Ambivert,Several times a week,Fiction,Moderate
ID2036,41,India,Hindi,Ambivert,Weekly,Romance,High
ID2037,20,United States,English,Extrovert,Several times a week,Fantasy,Moderate
ID2038,41,Sweden,Swedish,Ambivert,Monthly,History,Low
ID2039,74,India,Hindi,Ambivert,Daily,Fantasy,Moderate
ID2040,43,South Korea,Korean,Ambivert,Weekly,Mystery & Thriller,Low
ID2041,36,India,Hindi,Ambivert,Several times a week,Mystery & Thriller,Low
ID2042,50,South Korea,Korean,Introvert,Daily,Science & Technology,Low
ID2043,48,India,Hindi,Introvert,Rarely,Business,Moderate
ID2044,18,Australia,English,Introvert,Several times a week,Romance,Moderate
ID2045,26,Japan,Japanese,Extrovert,Weekly,Biography & Memoir,Moderate
ID2046,72,Mexico,Spanish,Extrovert,Several times a week,Fiction,High
ID2047,49,United States,English,Ambivert,Several times a week,Mystery & Thriller,Low
ID2048,44,United States,English,Introvert,Rarely,Self-Help,Moderate
ID2049,58,Canada,English,Ambivert,Several times a week,Romance,High
ID2050,21,South Africa,English,Ambivert,Weekly,Romance,Moderate
ID2051,23,United States,English,Ambivert,Weekly,Fantasy,High
ID2052,50,Brazil,Portuguese,Extrovert,Daily,Fiction,High
ID2053,22,Nigeria,English,Extrovert,Daily,History,Low
ID2054,70,India,Hindi,Ambivert,Weekly,Business,Moderate
ID2055,27,United States,English,Ambivert,Several times a week,Romance,Low
ID2056,53,Australia,English,Extrovert,Several times a week,Fantasy,High
ID2057,23,India,Hindi,Introvert,Monthly,Mystery & Thriller,High
ID2058,59,Germany,German,Ambivert,Monthly,Fantasy,Moderate
ID2059,68,United States,English,Ambivert,Weekly,Self-Help,Moderate
ID2060,42,Nigeria,English,Extrovert,Daily,Poetry,Low
ID2061,52,Germany,German,Introvert,Rarely,Self-Help,Moderate
ID2062,69,France,French,Ambivert,Several times a week,Biography & Memoir,Moderate
ID2063,39,India,Hindi,Extrovert,Weekly,Business,High
ID2064,55,Brazil,Portuguese,Ambivert,Rarely,Science Fiction,Moderate
ID2065,34,India,Hindi,Ambivert,Daily,Science Fiction,Low
ID2066,73,India,Hindi,Extrovert,Daily,Science & Technology,Moderate
ID2067,31,Mexico,Spanish,Extrovert,Weekly,Fantasy,Moderate
ID2068,68,Italy,Italian,Extrovert,Daily,Fiction,Moderate
ID2069,32,Nigeria,English,Introvert,Daily,Fiction,Moderate
ID2070,54,India,Hindi,Introvert,Several times a week,Mystery & Thriller,Moderate
ID2071,43,China,Mandarin Chinese,Extrovert,Rarely,Fiction,Moderate
ID2072,20,Nigeria,English,Ambivert,Weekly,Fantasy,Moderate
ID2073,69,Canada,English,Extrovert,Daily,Biography & Memoir,High
ID2074,65,Netherlands,Dutch,Ambivert,Several times a week,Comics & Graphic Novels,High
ID2075,69,United Kingdom,English,Introvert,Daily,Comics & Graphic Novels,Moderate
ID2076,63,Brazil,Portuguese,Extrovert,Several times a week,Biography & Memoir,Moderate
ID2077,48,Nigeria,English,Introvert,Weekly,History,Low
ID2078,65,India,Hindi,Extrovert,Several times a week,Fiction,High
ID2079,47,South Korea,Korean,Ambivert,Weekly,Mystery & Thriller,High
ID2080,62,India,Hindi,Ambivert,Several times a week,Fiction,High
ID2081,50,China,Mandarin Chinese,Introvert,Daily,Fiction,High
ID2082,48,China,Mandarin Chinese,Ambivert,Monthly,History,Moderate
ID2083,73,United States,English,Introvert,Daily,Science Fiction,Moderate
ID2084,36,South Korea,Korean,Ambivert,Several times a week,Science Fiction,Low
ID2085,23,India,Hindi,Ambivert,Monthly,Self-Help,Moderate
ID2086,57,India,Hindi,Ambivert,Weekly,Biography & Memoir,High
ID2087,65,India,Hindi,Introvert,Rarely,Self-Help,Moderate
ID2088,67,Spain,Spanish,Introvert,Weekly,Science Fiction,Moderate
ID2089,32,Nigeria,English,Introvert,Rarely,Self-Help,Moderate
ID2090,33,India,Hindi,Ambivert,Weekly,Self-Help,High
ID2091,37,Canada,English,Introvert,Weekly,Romance,Moderate
ID2092,53,India,Hindi,Extrovert,Daily,Romance,Low
ID2093,73,United Arab Emirates,Arabic,Extrovert,Weekly,Fantasy,Moderate
ID2094,63,Germany,German,Extrovert,Monthly,Fantasy,High
ID2095,67,Japan,Japanese,Introvert,Several times a week,Romance,Moderate
ID2096,30,United States,English,Ambivert,Weekly,Business,High
ID2097,37,Italy,Italian,Introvert,Several times a week,Fiction,Moderate
ID2098,66,India,Hindi,Extrovert,Monthly,Science Fiction,Moderate
ID2099,57,South Korea,Korean,Ambivert,Monthly,Fantasy,Moderate
ID2100,46,Spain,Spanish,Introvert,Weekly,Science Fiction,Moderate
ID2101,56,Netherlands,Dutch,Introvert,Weekly,Mystery & Thriller,Moderate
ID2102,51,United Kingdom,English,Introvert,Weekly,Self-Help,Low
ID2103,51,Canada,English,Extrovert,Rarely,Fantasy,Moderate
ID2104,32,United Kingdom,English,Introvert,Daily,Fiction,Moderate
ID2105,66,Japan,Japanese,Ambivert,Several times a week,Science Fiction,High
ID2106,37,India,Hindi,Ambivert,Weekly,Comics & Graphic Novels,High
ID2107,62,United Kingdom,English,Ambivert,Several times a week,Poetry,Moderate
ID2108,24,China,Mandarin Chinese,Ambivert,Several times a week,Business,Moderate
ID2109,44,South Africa,English,Introvert,Several times a week,Business,High
ID2110,30,India,Hindi,Extrovert,Weekly,Poetry,Low
ID2111,51,Indonesia,Indonesian,Extrovert,Several times a week,Mystery & Thriller,High
ID2112,48,Nigeria,English,Extrovert,Several times a week,Biography & Memoir,Moderate
ID2113,48,India,Hindi,Introvert,Monthly,Biography & Memoir,Moderate
ID2114,68,India,Hindi,Introvert,Rarely,Business,High
ID2115,50,Indonesia,Indonesian,Extrovert,Daily,History,Moderate
ID2116,57,Sweden,Swedish,Extrovert,Daily,History,Moderate
ID2117,48,India,Hindi,Ambivert,Several times a week,Romance,Moderate
ID2118,28,Spain,Spanish,Extrovert,Several times a week,Fiction,Moderate
ID2119,33,Japan,Japanese,Extrovert,Daily,Science & Technology,Moderate
ID2120,50,India,Hindi,Ambivert,Weekly,Fantasy,High
ID2121,32,Japan,Japanese,Introvert,Several times a week,History,Moderate
ID2122,29,South Africa,English,Extrovert,Several times a week,Business,Moderate
ID2123,46,Nigeria,English,Ambivert,Monthly,Biography & Memoir,Low
ID2124,24,Brazil,Portuguese,Ambivert,Daily,Fiction,High
ID2125,23,China,Mandarin Chinese,Ambivert,Several times a week,Science & Technology,Moderate
ID2126,74,United States,English,Ambivert,Daily,Self-Help,Moderate
ID2127,23,United States,English,Extrovert,Daily,History,Moderate
ID2128,40,India,Hindi,Extrovert,Monthly,Romance,High
ID2129,75,Canada,English,Introvert,Monthly,Fantasy,Low
ID2130,46,Australia,English,Introvert,Daily,Science & Technology,Moderate
ID2131,49,Netherlands,Dutch,Extrovert,Several times a week,Mystery & Thriller,Moderate
ID2132,62,Canada,English,Ambivert,Rarely,Science Fiction,High
ID2133,60,United States,English,Ambivert,Several times a week,Biography & Memoir,Moderate
ID2134,63,Italy,Italian,Ambivert,Monthly,Science Fiction,Moderate
ID2135,59,Brazil,Portuguese,Extrovert,Monthly,Mystery & Thriller,Moderate
ID2136,36,India,Hindi,Ambivert,Weekly,Romance,Low
ID2137,25,India,Hindi,Introvert,Several times a week,Poetry,Low
ID2138,72,India,Hindi,Ambivert,Rarely,Comics & Graphic Novels,Moderate
ID2139,50,Indonesia,Indonesian,Extrovert,Several times a week,Mystery & Thriller,Moderate
ID2140,23,South Korea,Korean,Introvert,Several times a week,Biography & Memoir,High
ID2141,44,India,Hindi,Introvert,Weekly,Fantasy,High
ID2142,32,South Africa,English,Extrovert,Daily,Mystery & Thriller,Moderate
ID2143,25,Australia,English,Ambivert,Monthly,Fantasy,Moderate
ID2144,53,Germany,German,Extrovert,Rarely,Fantasy,High
ID2145,54,Spain,Spanish,Extrovert,Several times a week,Science & Technology,Moderate
ID2146,45,India,Hindi,Ambivert,Weekly,Self-Help,Moderate
ID2147,36,India,Hindi,Ambivert,Rarely,History,Moderate
ID2148,36,Nigeria,English,Ambivert,Daily,Fiction,Low
ID2149,71,France,French,Ambivert,Monthly,Science Fiction,Moderate
ID2150,21,India,Hindi,Ambivert,Daily,Self-Help,Moderate
ID2151,74,India,Hindi,Extrovert,Rarely,Science Fiction,Low
ID2152,26,Australia,English,Ambivert,Daily,Self-Help,Moderate
ID2153,27,Italy,Italian,Ambivert,Daily,History,Low
ID2154,45,India,Hindi,Extrovert,Daily,Fiction,Moderate
ID2155,64,United Kingdom,English,Introvert,Several times a week,Fiction,Moderate
ID2156,26,United States,English,Extrovert,Monthly,Poetry,Moderate
ID2157,54,India,Hindi,Extrovert,Weekly,Romance,High
ID2158,56,Canada,English,Extrovert,Several times a week,Romance,Moderate
ID2159,54,United States,English,Ambivert,Monthly,Business,Moderate
ID2160,26,India,Hindi,Ambivert,Several times a week,Fiction,Moderate
ID2161,39,Mexico,Spanish,Ambivert,Monthly,Romance,High
ID2162,43,India,Hindi,Introvert,Daily,Business,Moderate
ID2163,38,China,Mandarin Chinese,Introvert,Rarely,Fiction,Moderate
ID2164,46,Brazil,Portuguese,Extrovert,Monthly,Comics & Graphic Novels,Low
ID2165,26,Mexico,Spanish,Extrovert,Weekly,Biography & Memoir,High
ID2166,20,India,Hindi,Ambivert,Several times a week,Romance,High
ID2167,42,Australia,English,Ambivert,Several times a week,Science Fiction,High
ID2168,66,United States,English,Introvert,Daily,Mystery & Thriller,Low
ID2169,18,Australia,English,Ambivert,Weekly,Mystery & Thriller,Low
ID2170,57,Nigeria,English,Introvert,Daily,Mystery & Thriller,Moderate
ID2171,66,Italy,Italian,Extrovert,Weekly,Mystery & Thriller,Moderate
ID2172,20,China,Mandarin Chinese,Extrovert,Daily,Comics & Graphic Novels,Moderate
ID2173,32,United Kingdom,English,Extrovert,Several times a week,Self-Help,Moderate
ID2174,32,Japan,Japanese,Extrovert,Daily,Fantasy,High
ID2175,65,South Africa,English,Extrovert,Several times a week,History,Moderate
ID2176,24,South Africa,English,Introvert,Monthly,Science Fiction,Moderate
ID2177,26,Mexico,Spanish,Ambivert,Monthly,Biography & Memoir,High
ID2178,73,South Korea,Korean,Ambivert,Rarely,Romance,Low
ID2179,69,Japan,Japanese,Ambivert,Several times a week,Fantasy,High
ID2180,24,Netherlands,Dutch,Extrovert,Daily,Fantasy,Moderate
ID2181,22,Japan,Japanese,Extrovert,Rarely,Romance,High
ID2182,29,South Korea,Korean,Ambivert,Weekly,Business,High
ID2183,54,India,Hindi,Extrovert,Several times a week,Biography & Memoir,High
ID2184,34,Italy,Italian,Introvert,Daily,Self-Help,Moderate
ID2185,38,India,Hindi,Extrovert,Several times a week,Self-Help,Moderate
ID2186,33,Nigeria,English,Introvert,Weekly,Romance,Moderate
ID2187,19,United Kingdom,English,Introvert,Several times a week,Mystery & Thriller,Moderate
ID2188,27,Netherlands,Dutch,Extrovert,Several times a week,Mystery & Thriller,Moderate
ID2189,42,United States,English,Ambivert,Weekly,Mystery & Thriller,Moderate
ID2190,38,South Africa,English,Extrovert,Monthly,Science Fiction,Moderate
ID2191,29,China,Mandarin Chinese,Ambivert,Weekly,Business,Moderate
ID2192,60,Brazil,Portuguese,Extrovert,Several times a week,Fantasy,Moderate
ID2193,69,Brazil,Portuguese,Ambivert,Several times a week,Poetry,High
ID2194,44,United States,English,Extrovert,Daily,Self-Help,Moderate
ID2195,70,Spain,Spanish,Ambivert,Daily,Romance,Low
ID2196,55,India,Hindi,Extrovert,Weekly,Fantasy,Moderate
ID2197,66,Mexico,Spanish,Ambivert,Rarely,Romance,Moderate
ID2198,39,China,Mandarin Chinese,Ambivert,Daily,History,High
ID2199,47,Sweden,Swedish,Introvert,Daily,Fiction,Moderate
ID2200,51,Spain,Spanish,Introvert,Monthly,Biography & Memoir,High
ID2201,70,United Kingdom,English,Ambivert,Daily,Fiction,Moderate
ID2202,69,France,French,Introvert,Several times a week,Mystery & Thriller,High
ID2203,46,China,Mandarin Chinese,Ambivert,Daily,Business,High
ID2204,50,Canada,English,Extrovert,Rarely,Self-Help,High
ID2205,66,Mexico,Spanish,Ambivert,Monthly,Poetry,Moderate
ID2206,64,India,Hindi,Introvert,Weekly,History,Moderate
ID2207,47,Japan,Japanese,Ambivert,Daily,Business,Low
ID2208,40,Brazil,Portuguese,Extrovert,Several times a week,Science Fiction,High
ID2209,51,South Africa,English,Extrovert,Weekly,Romance,High
ID2210,31,Netherlands,Dutch,Extrovert,Several times a week,Science Fiction,High
ID2211,28,India,Hindi,Extrovert,Several times a week,History,Moderate
ID2212,29,United Arab Emirates,Arabic,Extrovert,Weekly,Fantasy,High
ID2213,22,Italy,Italian,Ambivert,Daily,Self-Help,Moderate
ID2214,63,United Arab Emirates,Arabic,Ambivert,Weekly,Science Fiction,Moderate
ID2215,28,India,Hindi,Ambivert,Several times a week,Science Fiction,Moderate
ID2216,70,United Kingdom,English,Ambivert,Daily,History,Low
ID2217,40,France,French,Introvert,Weekly,Mystery & Thriller,Moderate
ID2218,19,France,French,Introvert,Monthly,Mystery & Thriller,Moderate
ID2219,24,Netherlands,Dutch,Extrovert,Several times a week,Mystery & Thriller,Moderate
ID2220,68,Australia,English,Extrovert,Several times a week,Poetry,Low
ID2221,53,Nigeria,English,Ambivert,Weekly,Romance,Moderate
ID2222,61,United Arab Emirates,Arabic,Introvert,Daily,Fantasy,Low
ID2223,64,Indonesia,Indonesian,Ambivert,Monthly,Self-Help,Low
ID2224,54,Nigeria,English,Introvert,Several times a week,Science Fiction,High
ID2225,29,South Korea,Korean,Introvert,Several times a week,Poetry,Low
ID2226,47,Spain,Spanish,Extrovert,Several times a week,Self-Help,Moderate
ID2227,32,Australia,English,Extrovert,Several times a week,Mystery & Thriller,Low
ID2228,48,Germany,German,Ambivert,Weekly,Fiction,Moderate
ID2229,74,United Kingdom,English,Introvert,Daily,Mystery & Thriller,High
ID2230,22,Nigeria,English,Ambivert,Daily,History,Moderate
ID2231,22,Germany,German,Introvert,Monthly,Self-Help,High
ID2232,53,Netherlands,Dutch,Extrovert,Daily,Business,Moderate
ID2233,49,United Kingdom,English,Extrovert,Daily,Fantasy,Moderate
ID2234,25,United Kingdom,English,Ambivert,Weekly,Self-Help,High
ID2235,52,United States,English,Ambivert,Rarely,Mystery & Thriller,Low
ID2236,44,United States,English,Extrovert,Several times a week,Romance,High
ID2237,44,United States,English,Extrovert,Daily,History,Moderate
ID2238,63,Japan,Japanese,Introvert,Weekly,Business,Moderate
ID2239,38,France,French,Ambivert,Several times a week,Science Fiction,Moderate
ID2240,22,United States,English,Extrovert,Daily,Fiction,Moderate
ID2241,61,Germany,German,Introvert,Monthly,Business,Moderate
ID2242,40,Brazil,Portuguese,Ambivert,Weekly,Fiction,Moderate
ID2243,40,India,Hindi,Ambivert,Rarely,Fantasy,High
ID2244,75,China,Mandarin Chinese,Ambivert,Several times a week,Fiction,High
ID2245,30,Mexico,Spanish,Extrovert,Weekly,Romance,Moderate
ID2246,31,Canada,English,Extrovert,Weekly,Fiction,Moderate
ID2247,66,Brazil,Portuguese,Extrovert,Monthly,Business,Moderate
ID2248,27,Australia,English,Introvert,Several times a week,Fiction,High
ID2249,25,Canada,English,Extrovert,Weekly,Fantasy,Moderate
ID2250,43,Japan,Japanese,Extrovert,Daily,Fantasy,Low
ID2251,36,India,Hindi,Ambivert,Daily,Fiction,High
ID2252,31,United Kingdom,English,Extrovert,Monthly,Business,Moderate
ID2253,49,India,Hindi,Introvert,Daily,Comics & Graphic Novels,Moderate
ID2254,66,India,Hindi,Ambivert,Weekly,History,High
ID2255,60,Japan,Japanese,Extrovert,Weekly,Fiction,Moderate
ID2256,50,India,Hindi,Introvert,Monthly,Self-Help,High
ID2257,30,France,French,Extrovert,Daily,Science Fiction,Low
ID2258,67,Nigeria,English,Extrovert,Weekly,Fiction,Moderate
ID2259,56,South Africa,English,Ambivert,Monthly,Fantasy,Low
ID2260,55,India,Hindi,Ambivert,Several times a week,Fiction,High
ID2261,75,South Africa,English,Extrovert,Several times a week,Romance,Moderate
ID2262,56,Indonesia,Indonesian,Ambivert,Several times a week,Biography & Memoir,Moderate
ID2263,42,Sweden,Swedish,Introvert,Weekly,Fiction,Moderate
ID2264,30,India,Hindi,Introvert,Weekly,Fiction,Low
ID2265,69,United Kingdom,English,Ambivert,Weekly,Mystery & Thriller,Moderate
ID2266,29,Nigeria,English,Introvert,Several times a week,Business,High
ID2267,47,Nigeria,English,Ambivert,Weekly,Biography & Memoir,Moderate
ID2268,65,Canada,English,Introvert,Weekly,History,Low
ID2269,52,South Korea,Korean,Ambivert,Daily,Science Fiction,Moderate
ID2270,33,South Korea,Korean,Ambivert,Several times a week,Self-Help,High
ID2271,60,Australia,English,Ambivert,Rarely,Romance,Moderate
ID2272,19,Japan,Japanese,Ambivert,Weekly,Mystery & Thriller,High
ID2273,54,Australia,English,Introvert,Rarely,Fiction,Moderate
ID2274,64,Brazil,Portuguese,Ambivert,Several times a week,Mystery & Thriller,Low
ID2275,70,Nigeria,English,Introvert,Rarely,History,High
ID2276,25,India,Hindi,Ambivert,Several times a week,Fiction,Moderate
ID2277,20,Netherlands,Dutch,Ambivert,Weekly,Science Fiction,High
ID2278,28,Indonesia,Indonesian,Extrovert,Monthly,Science Fiction,Moderate
ID2279,19,Japan,Japanese,Ambivert,Several times a week,Mystery & Thriller,Moderate
ID2280,48,China,Mandarin Chinese,Ambivert,Rarely,Biography & Memoir,High
ID2281,55,India,Hindi,Ambivert,Several times a week,Fiction,Moderate
ID2282,44,China,Mandarin Chinese,Extrovert,Weekly,Business,Moderate
ID2283,24,Brazil,Portuguese,Extrovert,Weekly,Science Fiction,Moderate
ID2284,43,United States,English,Introvert,Daily,Mystery & Thriller,High
ID2285,67,South Africa,English,Introvert,Daily,Science Fiction,Moderate
ID2286,64,Brazil,Portuguese,Introvert,Weekly,Comics & Graphic Novels,High
ID2287,44,India,Hindi,Introvert,Weekly,Fantasy,Low
ID2288,49,China,Mandarin Chinese,Introvert,Several times a week,Poetry,Moderate
ID2289,21,China,Mandarin Chinese,Introvert,Several times a week,Romance,Moderate
ID2290,18,Australia,English,Introvert,Daily,Business,Low
ID2291,58,Indonesia,Indonesian,Extrovert,Rarely,Science & Technology,Moderate
ID2292,62,United Kingdom,English,Introvert,Rarely,Fiction,High
ID2293,52,Italy,Italian,Extrovert,Daily,Biography & Memoir,Moderate
ID2294,73,Italy,Italian,Introvert,Monthly,Business,Low
ID2295,25,India,Hindi,Ambivert,Daily,Self-Help,Moderate
ID2296,74,China,Mandarin Chinese,Introvert,Several times a week,Romance,Moderate
ID2297,27,France,French,Ambivert,Rarely,Business,Moderate
ID2298,28,United Kingdom,English,Introvert,Weekly,History,Low
ID2299,66,India,Hindi,Extrovert,Weekly,Biography & Memoir,Moderate
ID2300,74,United Arab Emirates,Arabic,Introvert,Daily,Mystery & Thriller,Moderate
ID2301,19,Nigeria,English,Ambivert,Monthly,History,Moderate
ID2302,52,Germany,German,Ambivert,Weekly,Romance,Moderate
ID2303,34,Mexico,Spanish,Introvert,Monthly,Fantasy,High
ID2304,38,United Arab Emirates,Arabic,Introvert,Rarely,Mystery & Thriller,Moderate
ID2305,49,United States,English,Introvert,Weekly,Business,Moderate
ID2306,25,Germany,German,Introvert,Monthly,Poetry,Moderate
ID2307,41,India,Hindi,Ambivert,Monthly,Self-Help,Moderate
ID2308,46,South Africa,English,Introvert,Weekly,Fiction,High
ID2309,39,Brazil,Portuguese,Ambivert,Several times a week,Mystery & Thriller,Low
ID2310,49,Canada,English,Ambivert,Rarely,Science Fiction,Low
ID2311,44,Nigeria,English,Extrovert,Monthly,Comics & Graphic Novels,Low
ID2312,54,United States,English,Ambivert,Weekly,Science Fiction,High
ID2313,34,France,French,Ambivert,Several times a week,Fantasy,High
ID2314,32,United States,English,Extrovert,Several times a week,Science Fiction,Moderate
ID2315,30,India,Hindi,Extrovert,Several times a week,History,Moderate
ID2316,72,Sweden,Swedish,Extrovert,Monthly,Romance,High
ID2317,41,South Korea,Korean,Introvert,Several times a week,Fiction,Moderate
ID2318,26,Italy,Italian,Introvert,Monthly,Poetry,Low
ID2319,63,Nigeria,English,Extrovert,Rarely,Mystery & Thriller,Low
ID2320,64,Spain,Spanish,Introvert,Several times a week,History,High
ID2321,27,Spain,Spanish,Ambivert,Monthly,Science Fiction,Moderate
ID2322,60,United Kingdom,English,Extrovert,Monthly,Fiction,High
ID2323,26,India,Hindi,Introvert,Monthly,History,Moderate
ID2324,70,Italy,Italian,Extrovert,Several times a week,Romance,Low
ID2325,57,Italy,Italian,Introvert,Rarely,Mystery & Thriller,High
ID2326,72,Indonesia,Indonesian,Ambivert,Daily,Fiction,Moderate
ID2327,19,India,Hindi,Ambivert,Several times a week,Mystery & Thriller,Moderate
ID2328,56,United States,English,Ambivert,Weekly,Fiction,High
ID2329,65,India,Hindi,Extrovert,Several times a week,Fiction,Low
ID2330,40,Brazil,Portuguese,Ambivert,Rarely,Self-Help,High
ID2331,44,India,Hindi,Ambivert,Several times a week,Fiction,High
ID2332,47,Germany,German,Ambivert,Monthly,Fiction,High
ID2333,60,Indonesia,Indonesian,Ambivert,Several times a week,Mystery & Thriller,Moderate
ID2334,40,Canada,English,Introvert,Daily,Biography & Memoir,High
ID2335,68,France,French,Ambivert,Rarely,Mystery & Thriller,Moderate
ID2336,41,Spain,Spanish,Extrovert,Several times a week,Biography & Memoir,Moderate
ID2337,75,Mexico,Spanish,Introvert,Monthly,Fiction,High
ID2338,32,India,Hindi,Introvert,Several times a week,Romance,Low
ID2339,65,India,Hindi,Introvert,Weekly,Biography & Memoir,Moderate
ID2340,31,France,French,Ambivert,Weekly,History,High
ID2341,33,Canada,English,Introvert,Daily,Fiction,High
ID2342,46,Australia,English,Introvert,Monthly,Science Fiction,Moderate
ID2343,23,India,Hindi,Extrovert,Weekly,Poetry,Low
ID2344,41,India,Hindi,Introvert,Rarely,Poetry,Moderate
ID2345,54,Mexico,Spanish,Introvert,Daily,Science Fiction,High
ID2346,32,Nigeria,English,Ambivert,Weekly,Mystery & Thriller,Moderate
ID2347,53,United Kingdom,English,Extrovert,Weekly,Mystery & Thriller,High
ID2348,45,Canada,English,Introvert,Weekly,Science Fiction,Moderate
ID2349,36,United States,English,Ambivert,Weekly,Science Fiction,Moderate
ID2350,52,China,Mandarin Chinese,Ambivert,Several times a week,Romance,Low
ID2351,58,United States,English,Ambivert,Weekly,Fiction,Moderate
ID2352,65,Spain,Spanish,Ambivert,Several times a week,Fantasy,High
ID2353,26,United States,English,Introvert,Monthly,Self-Help,Moderate
ID2354,18,United States,English,Ambivert,Weekly,Science Fiction,Moderate
ID2355,21,India,Hindi,Extrovert,Several times a week,Fantasy,High
ID2356,37,Germany,German,Ambivert,Monthly,Comics & Graphic Novels,High
ID2357,44,Nigeria,English,Introvert,Weekly,History,High
ID2358,72,Brazil,Portuguese,Ambivert,Rarely,Comics & Graphic Novels,Low
ID2359,28,Australia,English,Ambivert,Daily,Self-Help,Moderate
ID2360,36,Canada,English,Ambivert,Several times a week,Romance,High
ID2361,51,United Arab Emirates,Arabic,Introvert,Several times a week,Romance,Moderate
ID2362,40,India,Hindi,Extrovert,Monthly,Poetry,High
ID2363,43,United States,English,Ambivert,Daily,Poetry,Low
ID2364,33,Mexico,Spanish,Ambivert,Several times a week,Romance,Moderate
ID2365,73,South Korea,Korean,Ambivert,Monthly,Fiction,Moderate
ID2366,45,Canada,English,Introvert,Monthly,History,Low
ID2367,56,India,Hindi,Ambivert,Daily,Fiction,Moderate
ID2368,65,India,Hindi,Ambivert,Several times a week,Fiction,High
ID2369,61,Germany,German,Introvert,Monthly,Comics & Graphic Novels,Moderate
ID2370,32,Japan,Japanese,Extrovert,Weekly,Biography & Memoir,High
ID2371,34,Nigeria,English,Ambivert,Weekly,History,High
ID2372,60,Germany,German,Ambivert,Daily,Mystery & Thriller,High
ID2373,20,Brazil,Portuguese,Ambivert,Several times a week,Fantasy,Moderate
ID2374,42,Mexico,Spanish,Extrovert,Several times a week,Self-Help,Moderate
ID2375,23,Canada,English,Ambivert,Several times a week,Mystery & Thriller,Moderate
ID2376,19,Sweden,Swedish,Ambivert,Several times a week,Science Fiction,High
ID2377,49,Mexico,Spanish,Ambivert,Daily,History,Moderate
ID2378,28,Indonesia,Indonesian,Ambivert,Several times a week,Biography & Memoir,Moderate
ID2379,48,Japan,Japanese,Ambivert,Weekly,Self-Help,Moderate
ID2380,74,India,Hindi,Ambivert,Daily,Fiction,High
ID2381,74,Canada,English,Introvert,Monthly,Fiction,High
ID2382,23,Indonesia,Indonesian,Introvert,Weekly,Mystery & Thriller,Moderate
ID2383,44,Canada,English,Ambivert,Monthly,Fiction,Moderate
ID2384,36,India,Hindi,Ambivert,Several times a week,Fiction,High
ID2385,72,United Kingdom,English,Introvert,Several times a week,Fantasy,Moderate
ID2386,23,Nigeria,English,Introvert,Monthly,Fantasy,High
ID2387,58,United Kingdom,English,Ambivert,Several times a week,History,Moderate
ID2388,52,Australia,English,Ambivert,Several times a week,Fiction,High
ID2389,38,United Kingdom,English,Ambivert,Several times a week,Mystery & Thriller,Moderate
ID2390,45,Mexico,Spanish,Extrovert,Daily,Biography & Memoir,Moderate
ID2391,71,Netherlands,Dutch,Introvert,Weekly,Fiction,Moderate
ID2392,34,United Kingdom,English,Ambivert,Weekly,Fiction,High
ID2393,41,Indonesia,Indonesian,Introvert,Daily,Romance,High
ID2394,74,Brazil,Portuguese,Ambivert,Daily,Fiction,Moderate
ID2395,27,Mexico,Spanish,Introvert,Daily,Romance,Low
ID2396,36,United Kingdom,English,Extrovert,Several times a week,Fantasy,Moderate
ID2397,29,India,Hindi,Introvert,Several times a week,Fantasy,Moderate
ID2398,73,Australia,English,Introvert,Several times a week,Biography & Memoir,High
ID2399,19,India,Hindi,Ambivert,Weekly,Self-Help,Low
ID2400,42,United States,English,Extrovert,Several times a week,Science Fiction,Moderate
ID2401,68,India,Hindi,Introvert,Monthly,Poetry,Moderate
ID2402,49,Indonesia,Indonesian,Extrovert,Several times a week,Comics & Graphic Novels,Moderate
ID2403,32,Japan,Japanese,Introvert,Several times a week,Romance,Low
ID2404,56,France,French,Extrovert,Monthly,Fiction,Moderate
ID2405,31,United States,English,Introvert,Several times a week,Science Fiction,High
ID2406,18,China,Mandarin Chinese,Introvert,Weekly,Mystery & Thriller,Low
ID2407,73,United Arab Emirates,Arabic,Extrovert,Weekly,Comics & Graphic Novels,High
ID2408,72,India,Hindi,Ambivert,Several times a week,Poetry,Moderate
ID2409,22,India,Hindi,Extrovert,Weekly,Fiction,Moderate
ID2410,74,India,Hindi,Ambivert,Weekly,Mystery & Thriller,High
ID2411,44,Brazil,Portuguese,Introvert,Monthly,Mystery & Thriller,Moderate
ID2412,55,Japan,Japanese,Introvert,Monthly,Mystery & Thriller,Low
ID2413,74,United Kingdom,English,Extrovert,Several times a week,History,High
ID2414,69,Brazil,Portuguese,Extrovert,Weekly,Science Fiction,High
ID2415,52,India,Hindi,Extrovert,Monthly,Fiction,Moderate
ID2416,36,United Kingdom,English,Ambivert,Rarely,Science Fiction,Moderate
ID2417,57,South Korea,Korean,Extrovert,Daily,Fiction,Moderate
ID2418,47,Spain,Spanish,Ambivert,Weekly,Mystery & Thriller,Low
ID2419,55,Germany,German,Ambivert,Weekly,Mystery & Thriller,High
ID2420,41,India,Hindi,Introvert,Several times a week,Self-Help,Low
ID2421,20,Australia,English,Extrovert,Several times a week,Poetry,Moderate
ID2422,37,India,Hindi,Extrovert,Monthly,Romance,Low
ID2423,64,United States,English,Extrovert,Daily,Science & Technology,Moderate
ID2424,21,United States,English,Introvert,Several times a week,Mystery & Thriller,Moderate
ID2425,46,Indonesia,Indonesian,Ambivert,Several times a week,Science Fiction,Low
ID2426,32,Nigeria,English,Ambivert,Weekly,Fantasy,Moderate
ID2427,31,United States,English,Ambivert,Weekly,Biography & Memoir,High
ID2428,74,South Africa,English,Ambivert,Weekly,Mystery & Thriller,Moderate
ID2429,29,South Africa,English,Introvert,Weekly,Self-Help,High
ID2430,28,Indonesia,Indonesian,Introvert,Daily,Romance,Moderate
ID2431,53,South Korea,Korean,Introvert,Monthly,Romance,High
ID2432,39,Canada,English,Introvert,Monthly,Mystery & Thriller,Low
ID2433,52,South Korea,Korean,Ambivert,Monthly,Biography & Memoir,High
ID2434,62,India,Hindi,Ambivert,Monthly,Biography & Memoir,Moderate
ID2435,38,Italy,Italian,Introvert,Several times a week,Fiction,Low
ID2436,70,South Korea,Korean,Ambivert,Rarely,Poetry,Moderate
ID2437,55,United Kingdom,English,Ambivert,Rarely,Fantasy,High
ID2438,26,Nigeria,English,Extrovert,Weekly,Self-Help,Moderate
ID2439,37,Australia,English,Extrovert,Several times a week,Business,Low
ID2440,64,South Korea,Korean,Ambivert,Weekly,Fantasy,High
ID2441,52,Japan,Japanese,Ambivert,Weekly,Fantasy,Moderate
ID2442,64,Canada,English,Ambivert,Daily,Fiction,High
ID2443,24,Italy,Italian,Introvert,Rarely,Self-Help,High
ID2444,73,South Africa,English,Ambivert,Rarely,Self-Help,Moderate
ID2445,30,Australia,English,Ambivert,Monthly,Self-Help,Moderate
ID2446,43,United States,English,Introvert,Several times a week,Science & Technology,Moderate
ID2447,66,United Arab Emirates,Arabic,Ambivert,Rarely,Romance,Moderate
ID2448,20,Canada,English,Extrovert,Weekly,Romance,High
ID2449,63,Australia,English,Ambivert,Daily,Science Fiction,Moderate
ID2450,75,Australia,English,Extrovert,Several times a week,Romance,High
ID2451,56,Japan,Japanese,Ambivert,Weekly,Science Fiction,Low
ID2452,66,India,Hindi,Introvert,Weekly,Romance,Moderate
ID2453,44,India,Hindi,Ambivert,Several times a week,Mystery & Thriller,Moderate
ID2454,49,India,Hindi,Introvert,Monthly,Mystery & Thriller,Moderate
ID2455,56,South Korea,Korean,Introvert,Several times a week,Self-Help,High
ID2456,45,South Africa,English,Introvert,Several times a week,Romance,High
ID2457,36,United Kingdom,English,Ambivert,Daily,Self-Help,Moderate
ID2458,47,India,Hindi,Extrovert,Monthly,Romance,Moderate
ID2459,45,Germany,German,Introvert,Weekly,Business,Moderate
ID2460,67,China,Mandarin Chinese,Introvert,Several times a week,Mystery & Thriller,Low
ID2461,72,India,Hindi,Introvert,Daily,Fiction,High
ID2462,60,India,Hindi,Ambivert,Daily,Comics & Graphic Novels,Moderate
ID2463,34,South Korea,Korean,Ambivert,Several times a week,Business,Low
ID2464,75,Indonesia,Indonesian,Ambivert,Weekly,Biography & Memoir,Moderate
ID2465,44,United States,English,Introvert,Monthly,Fiction,Moderate
ID2466,62,Canada,English,Introvert,Several times a week,Comics & Graphic Novels,Low
ID2467,49,Nigeria,English,Introvert,Weekly,Romance,Moderate
ID2468,51,United Kingdom,English,Introvert,Weekly,Romance,Moderate
ID2469,39,United States,English,Introvert,Weekly,Fiction,High
ID2470,75,Spain,Spanish,Introvert,Several times a week,Romance,High
ID2471,29,Spain,Spanish,Ambivert,Rarely,Romance,Moderate
ID2472,49,India,Hindi,Ambivert,Monthly,Science & Technology,Moderate
ID2473,57,France,French,Introvert,Monthly,Comics & Graphic Novels,High
ID2474,24,Canada,English,Ambivert,Weekly,Fiction,Moderate
ID2475,46,United States,English,Ambivert,Several times a week,Poetry,Moderate
ID2476,52,Netherlands,Dutch,Ambivert,Rarely,Mystery & Thriller,Low
ID2477,63,Canada,English,Introvert,Monthly,Romance,Moderate
ID2478,45,South Korea,Korean,Ambivert,Monthly,Business,Moderate
ID2479,30,Canada,English,Extrovert,Several times a week,Business,Moderate
ID2480,74,India,Hindi,Extrovert,Daily,Fantasy,Moderate
ID2481,68,China,Mandarin Chinese,Introvert,Several times a week,Science & Technology,High
ID2482,49,India,Hindi,Extrovert,Several times a week,Science Fiction,Moderate
ID2483,64,India,Hindi,Introvert,Several times a week,Comics & Graphic Novels,High
ID2484,25,Germany,German,Extrovert,Monthly,Business,Low
ID2485,64,India,Hindi,Introvert,Daily,Fiction,High
ID2486,39,United Kingdom,English,Extrovert,Several times a week,Romance,High
ID2487,52,China,Mandarin Chinese,Ambivert,Monthly,Self-Help,Moderate
ID2488,51,Nigeria,English,Introvert,Several times a week,Comics & Graphic Novels,Moderate
ID2489,53,India,Hindi,Introvert,Several times a week,Science Fiction,Low
ID2490,35,Japan,Japanese,Introvert,Several times a week,Mystery & Thriller,Moderate
ID2491,19,Sweden,Swedish,Extrovert,Several times a week,Fantasy,High
ID2492,61,Brazil,Portuguese,Introvert,Several times a week,Self-Help,Moderate
ID2493,57,Indonesia,Indonesian,Ambivert,Monthly,Fiction,High
ID2494,46,India,Hindi,Ambivert,Daily,Fantasy,Moderate
ID2495,29,Japan,Japanese,Extrovert,Several times a week,Science Fiction,Moderate
ID2496,70,India,Hindi,Extrovert,Weekly,Biography & Memoir,Moderate
ID2497,32,Mexico,Spanish,Ambivert,Weekly,Fantasy,High
ID2498,57,India,Hindi,Ambivert,Weekly,Science Fiction,High
ID2499,73,South Africa,English,Extrovert,Weekly,Mystery & Thriller,High
ID2500,24,South Africa,English,Introvert,Several times a week,Fiction,Moderate
ID2501,57,Spain,Spanish,Introvert,Several times a week,Fiction,Moderate
ID2502,73,United States,English,Ambivert,Several times a week,Fiction,High
ID2503,61,Germany,German,Introvert,Monthly,Mystery & Thriller,Moderate
ID2504,37,United Kingdom,English,Ambivert,Monthly,Science Fiction,Moderate
ID2505,27,Italy,Italian,Extrovert,Daily,Mystery & Thriller,High
ID2506,53,India,Hindi,Extrovert,Monthly,Romance,Low
ID2507,64,India,Hindi,Ambivert,Weekly,Fantasy,Moderate
ID2508,49,South Africa,English,Introvert,Several times a week,Romance,Moderate
ID2509,22,India,Hindi,Extrovert,Weekly,Biography & Memoir,Moderate
ID2510,74,France,French,Extrovert,Rarely,Fantasy,Low
ID2511,18,Brazil,Portuguese,Introvert,Monthly,Mystery & Thriller,High
ID2512,67,Japan,Japanese,Introvert,Monthly,Mystery & Thriller,High
ID2513,68,Canada,English,Extrovert,Monthly,Fantasy,Low
ID2514,42,Canada,English,Ambivert,Several times a week,Fiction,High
ID2515,38,Germany,German,Introvert,Daily,Business,Low
ID2516,64,United States,English,Introvert,Daily,Fantasy,Low
ID2517,45,South Africa,English,Extrovert,Monthly,Fiction,Moderate
ID2518,40,India,Hindi,Extrovert,Several times a week,Romance,Low
ID2519,69,India,Hindi,Ambivert,Several times a week,Biography & Memoir,Moderate
ID2520,56,Australia,English,Extrovert,Daily,Biography & Memoir,High
ID2521,36,Italy,Italian,Ambivert,Weekly,Romance,Moderate
ID2522,45,United States,English,Ambivert,Monthly,Fantasy,High
ID2523,31,United States,English,Introvert,Daily,Fantasy,Low
ID2524,63,France,French,Ambivert,Daily,Science Fiction,Moderate
ID2525,71,China,Mandarin Chinese,Extrovert,Weekly,Science Fiction,Moderate
ID2526,48,South Africa,English,Ambivert,Monthly,Business,Low
ID2527,59,Brazil,Portuguese,Ambivert,Daily,Fantasy,Low
ID2528,75,India,Hindi,Ambivert,Daily,Fiction,Moderate
ID2529,18,Sweden,Swedish,Ambivert,Daily,Poetry,Moderate
ID2530,69,France,French,Introvert,Several times a week,Fiction,Low
ID2531,19,Nigeria,English,Extrovert,Several times a week,Biography & Memoir,High
ID2532,25,United States,English,Ambivert,Monthly,Fiction,High
ID2533,26,India,Hindi,Ambivert,Weekly,Self-Help,Low
ID2534,59,Indonesia,Indonesian,Extrovert,Weekly,Fiction,Moderate
ID2535,42,Canada,English,Extrovert,Monthly,Fiction,High
ID2536,52,Canada,English,Introvert,Several times a week,Romance,Low
ID2537,26,India,Hindi,Ambivert,Several times a week,Science & Technology,Moderate
ID2538,30,South Africa,English,Introvert,Weekly,Fantasy,Moderate
ID2539,48,Indonesia,Indonesian,Ambivert,Daily,Poetry,Low
ID2540,74,Brazil,Portuguese,Introvert,Monthly,Comics & Graphic Novels,Moderate
ID2541,59,China,Mandarin Chinese,Ambivert,Several times a week,Comics & Graphic Novels,Moderate
ID2542,25,United Kingdom,English,Ambivert,Several times a week,Fiction,Moderate
ID2543,57,United Kingdom,English,Ambivert,Monthly,Science Fiction,High
ID2544,56,South Korea,Korean,Ambivert,Weekly,Self-Help,High
ID2545,71,United Arab Emirates,Arabic,Ambivert,Weekly,Self-Help,Low
ID2546,25,Canada,English,Ambivert,Weekly,Self-Help,Moderate
ID2547,67,United Kingdom,English,Ambivert,Several times a week,Fantasy,Moderate
ID2548,54,Indonesia,Indonesian,Extrovert,Daily,Fiction,Moderate
ID2549,28,Italy,Italian,Extrovert,Rarely,History,Moderate
ID2550,39,United Arab Emirates,Arabic,Introvert,Monthly,Romance,High
ID2551,24,France,French,Introvert,Weekly,Fantasy,Low
ID2552,34,China,Mandarin Chinese,Ambivert,Several times a week,Fiction,Moderate
ID2553,56,China,Mandarin Chinese,Ambivert,Several times a week,Science Fiction,Moderate
ID2554,22,Mexico,Spanish,Introvert,Weekly,Mystery & Thriller,Moderate
ID2555,57,China,Mandarin Chinese,Introvert,Several times a week,Romance,Moderate
ID2556,32,Mexico,Spanish,Ambivert,Several times a week,Science & Technology,Moderate
ID2557,41,South Korea,Korean,Introvert,Several times a week,Fantasy,Moderate
ID2558,28,South Korea,Korean,Ambivert,Weekly,Fantasy,Low
ID2559,47,Indonesia,Indonesian,Extrovert,Weekly,History,Moderate
ID2560,37,India,Hindi,Extrovert,Several times a week,Mystery & Thriller,Low
ID2561,74,Spain,Spanish,Introvert,Monthly,Science Fiction,High
ID2562,19,Canada,English,Ambivert,Weekly,Biography & Memoir,High
ID2563,42,Canada,English,Extrovert,Daily,Business,High
ID2564,48,United States,English,Introvert,Daily,Comics & Graphic Novels,Moderate
ID2565,52,India,Hindi,Introvert,Weekly,Mystery & Thriller,Moderate
ID2566,27,United Kingdom,English,Extrovert,Daily,Romance,Moderate
ID2567,72,South Africa,English,Extrovert,Rarely,Self-Help,High
ID2568,19,India,Hindi,Ambivert,Weekly,Mystery & Thriller,Moderate
ID2569,73,India,Hindi,Ambivert,Monthly,Mystery & Thriller,High
ID2570,25,India,Hindi,Ambivert,Rarely,Mystery & Thriller,Low
ID2571,42,India,Hindi,Extrovert,Daily,Poetry,Low
ID2572,39,South Africa,English,Introvert,Weekly,Poetry,Moderate
ID2573,49,China,Mandarin Chinese,Ambivert,Monthly,History,High
ID2574,43,India,Hindi,Introvert,Daily,Biography & Memoir,High
ID2575,20,United Kingdom,English,Introvert,Monthly,Fiction,High
ID2576,55,Nigeria,English,Extrovert,Weekly,Business,High
ID2577,43,Japan,Japanese,Ambivert,Daily,Science Fiction,Moderate
ID2578,41,Australia,English,Introvert,Daily,Fantasy,High
ID2579,24,China,Mandarin Chinese,Ambivert,Daily,Fiction,Low
ID2580,54,South Africa,English,Ambivert,Daily,Science Fiction,Low
ID2581,68,Brazil,Portuguese,Introvert,Daily,Fantasy,Moderate
ID2582,36,Mexico,Spanish,Ambivert,Several times a week,Mystery & Thriller,High
ID2583,25,United Kingdom,English,Ambivert,Monthly,Fiction,Moderate
ID2584,31,Germany,German,Ambivert,Several times a week,Comics & Graphic Novels,Moderate
ID2585,23,United States,English,Extrovert,Weekly,Business,High
ID2586,42,India,Hindi,Ambivert,Weekly,Fantasy,High
ID2587,32,Brazil,Portuguese,Ambivert,Weekly,History,Moderate
ID2588,61,United Kingdom,English,Introvert,Weekly,Science Fiction,Moderate
ID2589,25,Japan,Japanese,Introvert,Several times a week,History,High
ID2590,21,India,Hindi,Ambivert,Several times a week,Romance,Moderate
ID2591,42,Japan,Japanese,Introvert,Monthly,Fiction,Moderate
ID2592,36,Canada,English,Extrovert,Several times a week,Science Fiction,High
ID2593,57,Canada,English,Extrovert,Weekly,Poetry,High
ID2594,74,South Korea,Korean,Introvert,Daily,Biography & Memoir,Moderate
ID2595,21,South Africa,English,Ambivert,Several times a week,Comics & Graphic Novels,Moderate
ID2596,43,United Kingdom,English,Extrovert,Weekly,Self-Help,High
ID2597,20,Indonesia,Indonesian,Ambivert,Daily,Mystery & Thriller,High
ID2598,44,United States,English,Extrovert,Several times a week,Biography & Memoir,Moderate
ID2599,30,Italy,Italian,Extrovert,Several times a week,Poetry,Moderate
ID2600,47,Japan,Japanese,Ambivert,Several times a week,Comics & Graphic Novels,Moderate
ID2601,29,Indonesia,Indonesian,Ambivert,Daily,Mystery & Thriller,High
ID2602,64,China,Mandarin Chinese,Ambivert,Weekly,Fantasy,Moderate
ID2603,43,India,Hindi,Ambivert,Daily,History,High
ID2604,43,China,Mandarin Chinese,Extrovert,Monthly,Fiction,Moderate
ID2605,58,Indonesia,Indonesian,Ambivert,Several times a week,Mystery & Thriller,Moderate
ID2606,53,Indonesia,Indonesian,Introvert,Weekly,Mystery & Thriller,Moderate
ID2607,21,China,Mandarin Chinese,Extrovert,Weekly,Romance,High
ID2608,34,United Kingdom,English,Extrovert,Several times a week,Biography & Memoir,Low
ID2609,21,Indonesia,Indonesian,Introvert,Monthly,Fiction,Moderate
ID2610,34,India,Hindi,Introvert,Several times a week,History,Moderate
ID2611,27,India,Hindi,Introvert,Several times a week,Biography & Memoir,Low
ID2612,22,Canada,English,Extrovert,Several times a week,Self-Help,Low
ID2613,57,Canada,English,Introvert,Monthly,History,Low
ID2614,50,United Arab Emirates,Arabic,Introvert,Weekly,Fantasy,Low
ID2615,75,South Africa,English,Ambivert,Several times a week,Mystery & Thriller,Low
ID2616,51,United Kingdom,English,Ambivert,Daily,Fiction,Moderate
ID2617,38,India,Hindi,Introvert,Weekly,Science Fiction,High
ID2618,22,China,Mandarin Chinese,Ambivert,Weekly,Romance,High
ID2619,19,Mexico,Spanish,Extrovert,Several times a week,Business,Moderate
ID2620,24,Australia,English,Ambivert,Several times a week,Fantasy,High
ID2621,36,United Arab Emirates,Arabic,Ambivert,Daily,Romance,Low
ID2622,18,South Africa,English,Extrovert,Several times a week,Business,Low
ID2623,54,India,Hindi,Introvert,Weekly,Fiction,Moderate
ID2624,50,Germany,German,Extrovert,Weekly,History,Moderate
ID2625,72,United States,English,Introvert,Monthly,Science Fiction,Low
ID2626,66,Brazil,Portuguese,Ambivert,Several times a week,Romance,Low
ID2627,23,Canada,English,Ambivert,Weekly,Mystery & Thriller,High
ID2628,34,India,Hindi,Extrovert,Weekly,Biography & Memoir,Moderate
ID2629,66,Indonesia,Indonesian,Extrovert,Several times a week,Fantasy,Moderate
ID2630,18,India,Hindi,Extrovert,Rarely,Poetry,High
ID2631,45,United States,English,Ambivert,Weekly,Biography & Memoir,Low
ID2632,33,Mexico,Spanish,Introvert,Monthly,Fiction,Low
ID2633,58,France,French,Extrovert,Monthly,Fantasy,Moderate
ID2634,70,Brazil,Portuguese,Extrovert,Daily,Fiction,Moderate
ID2635,65,Brazil,Portuguese,Extrovert,Weekly,Fiction,High
ID2636,24,Mexico,Spanish,Ambivert,Several times a week,Science Fiction,High
ID2637,49,South Korea,Korean,Introvert,Monthly,Mystery & Thriller,Moderate
ID2638,53,India,Hindi,Ambivert,Several times a week,Science & Technology,Moderate
ID2639,19,India,Hindi,Ambivert,Weekly,Comics & Graphic Novels,Moderate
ID2640,36,India,Hindi,Extrovert,Daily,Fantasy,Moderate
ID2641,57,Nigeria,English,Extrovert,Weekly,Mystery & Thriller,Moderate
ID2642,75,India,Hindi,Introvert,Several times a week,Comics & Graphic Novels,High
ID2643,34,Indonesia,Indonesian,Ambivert,Several times a week,Fiction,High
ID2644,45,Australia,English,Ambivert,Weekly,Poetry,Moderate
ID2645,22,India,Hindi,Ambivert,Weekly,History,Moderate
ID2646,52,United Kingdom,English,Ambivert,Several times a week,Fiction,Moderate
ID2647,18,Nigeria,English,Introvert,Monthly,Fantasy,Moderate
ID2648,52,Germany,German,Ambivert,Rarely,History,Low
ID2649,39,Italy,Italian,Extrovert,Several times a week,Romance,Moderate
ID2650,67,Spain,Spanish,Extrovert,Weekly,History,High
ID2651,39,United Kingdom,English,Ambivert,Several times a week,Science Fiction,Low
ID2652,41,Sweden,Swedish,Introvert,Monthly,Fiction,Low
ID2653,46,India,Hindi,Ambivert,Rarely,Mystery & Thriller,Moderate
ID2654,26,India,Hindi,Introvert,Weekly,Mystery & Thriller,Moderate
ID2655,46,China,Mandarin Chinese,Extrovert,Several times a week,Self-Help,Low
ID2656,69,United Kingdom,English,Ambivert,Several times a week,Business,Low
ID2657,60,United Kingdom,English,Ambivert,Rarely,Science Fiction,High
ID2658,18,Japan,Japanese,Ambivert,Monthly,Mystery & Thriller,Moderate
ID2659,73,India,Hindi,Extrovert,Several times a week,Science Fiction,High
ID2660,58,India,Hindi,Introvert,Daily,Business,Low
ID2661,47,India,Hindi,Introvert,Daily,Fiction,Moderate
ID2662,46,South Africa,English,Extrovert,Rarely,Science & Technology,High
ID2663,26,Canada,English,Ambivert,Several times a week,Mystery & Thriller,Moderate
ID2664,57,France,French,Extrovert,Several times a week,Romance,Moderate
ID2665,49,Japan,Japanese,Extrovert,Daily,Fantasy,High
ID2666,40,India,Hindi,Extrovert,Several times a week,Fiction,Moderate
ID2667,20,Spain,Spanish,Ambivert,Rarely,Comics & Graphic Novels,Low
ID2668,53,India,Hindi,Ambivert,Weekly,Mystery & Thriller,Low
ID2669,59,South Korea,Korean,Ambivert,Weekly,Science Fiction,Moderate
ID2670,58,Mexico,Spanish,Extrovert,Weekly,Romance,High
ID2671,43,Mexico,Spanish,Introvert,Weekly,Science & Technology,Moderate
ID2672,60,Netherlands,Dutch,Ambivert,Daily,History,Moderate
ID2673,45,South Africa,English,Introvert,Weekly,Fiction,Moderate
ID2674,20,China,Mandarin Chinese,Ambivert,Weekly,Biography & Memoir,High
ID2675,20,Brazil,Portuguese,Introvert,Daily,History,Low
ID2676,53,Australia,English,Extrovert,Monthly,Poetry,Low
ID2677,60,France,French,Extrovert,Weekly,Biography & Memoir,Moderate
ID2678,31,India,Hindi,Ambivert,Monthly,Self-Help,High
ID2679,62,United Kingdom,English,Extrovert,Daily,Science Fiction,Moderate
ID2680,66,India,Hindi,Ambivert,Several times a week,Mystery & Thriller,High
ID2681,39,Italy,Italian,Introvert,Daily,Fantasy,Moderate
ID2682,66,United Kingdom,English,Extrovert,Daily,Mystery & Thriller,Moderate
ID2683,70,India,Hindi,Introvert,Several times a week,Business,Low
ID2684,74,South Africa,English,Ambivert,Several times a week,Science Fiction,High
ID2685,39,Italy,Italian,Ambivert,Daily,Science & Technology,High
ID2686,63,India,Hindi,Ambivert,Monthly,Comics & Graphic Novels,High
ID2687,55,United States,English,Introvert,Daily,Fantasy,High
ID2688,44,India,Hindi,Ambivert,Monthly,Fiction,Moderate
ID2689,39,India,Hindi,Extrovert,Weekly,History,Moderate
ID2690,25,Germany,German,Ambivert,Daily,Self-Help,Moderate
ID2691,35,India,Hindi,Introvert,Daily,Science Fiction,Moderate
ID2692,49,Australia,English,Extrovert,Monthly,Fiction,Moderate
ID2693,68,Australia,English,Introvert,Several times a week,Mystery & Thriller,Moderate
ID2694,64,Spain,Spanish,Extrovert,Daily,Business,High
ID2695,73,Italy,Italian,Ambivert,Rarely,Fiction,Low
ID2696,44,United Kingdom,English,Introvert,Several times a week,Fantasy,Moderate
ID2697,22,India,Hindi,Extrovert,Several times a week,Fantasy,Low
ID2698,43,Brazil,Portuguese,Introvert,Weekly,Fiction,High
ID2699,65,Canada,English,Ambivert,Several times a week,Science Fiction,Moderate
ID2700,40,China,Mandarin Chinese,Introvert,Daily,Self-Help,Moderate
ID2701,22,United States,English,Introvert,Monthly,Mystery & Thriller,Moderate
ID2702,35,India,Hindi,Extrovert,Several times a week,History,Moderate
ID2703,22,France,French,Introvert,Weekly,Romance,Moderate
ID2704,63,United States,English,Ambivert,Daily,Romance,Low
ID2705,66,South Korea,Korean,Extrovert,Daily,Business,Moderate
ID2706,28,United States,English,Extrovert,Rarely,Fantasy,Moderate
ID2707,30,South Korea,Korean,Introvert,Daily,Fiction,Low
ID2708,46,India,Hindi,Ambivert,Monthly,Science & Technology,High
ID2709,51,India,Hindi,Ambivert,Several times a week,Business,Moderate
ID2710,47,United States,English,Ambivert,Rarely,Poetry,Moderate
ID2711,23,United States,English,Extrovert,Several times a week,History,Low
ID2712,24,South Africa,English,Introvert,Weekly,Fantasy,Low
ID2713,66,Germany,German,Introvert,Daily,Biography & Memoir,Low
ID2714,36,India,Hindi,Ambivert,Daily,Fantasy,High
ID2715,44,India,Hindi,Extrovert,Daily,Fiction,Low
ID2716,41,India,Hindi,Extrovert,Daily,Biography & Memoir,Moderate
ID2717,74,United States,English,Introvert,Several times a week,Business,Moderate
ID2718,48,United Kingdom,English,Ambivert,Monthly,Fantasy,Moderate
ID2719,75,Italy,Italian,Ambivert,Daily,Fantasy,Moderate
ID2720,52,India,Hindi,Extrovert,Monthly,Fiction,Moderate
ID2721,38,United Kingdom,English,Introvert,Weekly,Fiction,Moderate
ID2722,20,India,Hindi,Ambivert,Several times a week,Science Fiction,Low
ID2723,20,Germany,German,Ambivert,Rarely,Mystery & Thriller,Moderate
ID2724,18,Germany,German,Introvert,Several times a week,Fantasy,Moderate
ID2725,75,France,French,Introvert,Weekly,Fiction,High
ID2726,23,France,French,Extrovert,Several times a week,Self-Help,High
ID2727,65,Australia,English,Ambivert,Several times a week,Fantasy,Moderate
ID2728,47,United States,English,Ambivert,Weekly,History,High
ID2729,69,Italy,Italian,Extrovert,Monthly,Romance,High
ID2730,46,India,Hindi,Ambivert,Daily,Fantasy,Moderate
ID2731,27,India,Hindi,Ambivert,Daily,Fiction,Low
ID2732,27,India,Hindi,Ambivert,Daily,Poetry,Low
ID2733,60,Sweden,Swedish,Introvert,Monthly,Comics & Graphic Novels,Moderate
ID2734,27,India,Hindi,Introvert,Weekly,Science Fiction,Moderate
ID2735,71,Indonesia,Indonesian,Introvert,Daily,Romance,High
ID2736,72,United Kingdom,English,Extrovert,Monthly,Comics & Graphic Novels,Moderate
ID2737,40,China,Mandarin Chinese,Ambivert,Weekly,Mystery & Thriller,Low
ID2738,42,India,Hindi,Ambivert,Several times a week,Fiction,Moderate
ID2739,66,United States,English,Ambivert,Several times a week,Self-Help,High
ID2740,39,India,Hindi,Extrovert,Daily,Biography & Memoir,Low
ID2741,64,India,Hindi,Extrovert,Daily,Fiction,High
ID2742,57,Germany,German,Extrovert,Weekly,Science Fiction,Low
ID2743,21,United States,English,Ambivert,Monthly,Romance,Moderate
ID2744,45,Mexico,Spanish,Ambivert,Daily,Business,High
ID2745,44,United Kingdom,English,Introvert,Daily,Fiction,High
ID2746,69,United Kingdom,English,Introvert,Weekly,Fiction,Moderate
ID2747,25,China,Mandarin Chinese,Ambivert,Weekly,Fiction,High
ID2748,47,Indonesia,Indonesian,Ambivert,Several times a week,Science & Technology,Moderate
ID2749,48,Mexico,Spanish,Ambivert,Monthly,Self-Help,Moderate
ID2750,32,Mexico,Spanish,Introvert,Monthly,Fiction,Moderate
ID2751,55,Canada,English,Ambivert,Monthly,Science Fiction,Moderate
ID2752,72,India,Hindi,Introvert,Several times a week,Fantasy,High
ID2753,45,Netherlands,Dutch,Ambivert,Several times a week,History,Moderate
ID2754,71,Germany,German,Extrovert,Several times a week,Self-Help,Moderate
ID2755,39,Italy,Italian,Introvert,Daily,Fantasy,Moderate
ID2756,44,China,Mandarin Chinese,Introvert,Monthly,History,High
ID2757,28,Italy,Italian,Introvert,Rarely,Biography & Memoir,Moderate
ID2758,63,United Kingdom,English,Ambivert,Rarely,Mystery & Thriller,High
ID2759,73,India,Hindi,Ambivert,Monthly,Biography & Memoir,High
ID2760,18,China,Mandarin Chinese,Extrovert,Rarely,Mystery & Thriller,Low
ID2761,65,India,Hindi,Introvert,Several times a week,Science Fiction,Moderate
ID2762,33,United Kingdom,English,Ambivert,Monthly,Mystery & Thriller,Moderate
ID2763,34,Nigeria,English,Ambivert,Several times a week,Romance,Moderate
ID2764,68,India,Hindi,Extrovert,Monthly,Romance,Moderate
ID2765,22,Mexico,Spanish,Extrovert,Several times a week,Mystery & Thriller,High
ID2766,32,France,French,Introvert,Several times a week,Fiction,Moderate
ID2767,32,Italy,Italian,Ambivert,Several times a week,Biography & Memoir,High
ID2768,71,United Kingdom,English,Introvert,Weekly,Mystery & Thriller,Moderate
ID2769,22,Spain,Spanish,Introvert,Daily,Fiction,Low
ID2770,18,United States,English,Extrovert,Daily,Fiction,High
ID2771,30,China,Mandarin Chinese,Introvert,Weekly,Comics & Graphic Novels,Moderate
ID2772,64,India,Hindi,Extrovert,Weekly,History,High
ID2773,66,Germany,German,Extrovert,Weekly,Science Fiction,Moderate
ID2774,35,India,Hindi,Ambivert,Several times a week,Fantasy,High
ID2775,74,Netherlands,Dutch,Introvert,Several times a week,Romance,Moderate
ID2776,30,United States,English,Ambivert,Weekly,Fiction,High
ID2777,30,United States,English,Extrovert,Monthly,Science & Technology,Moderate
ID2778,37,Japan,Japanese,Ambivert,Weekly,Mystery & Thriller,High
ID2779,35,United States,English,Ambivert,Weekly,Mystery & Thriller,High
ID2780,39,United Kingdom,English,Extrovert,Daily,Science & Technology,Low
ID2781,49,Germany,German,Ambivert,Weekly,Science & Technology,Moderate
ID2782,18,India,Hindi,Ambivert,Daily,Poetry,Low
ID2783,18,Indonesia,Indonesian,Ambivert,Weekly,Romance,Low
ID2784,37,South Korea,Korean,Introvert,Weekly,Poetry,High
ID2785,61,South Africa,English,Ambivert,Several times a week,Fiction,Moderate
ID2786,23,United States,English,Ambivert,Monthly,History,Moderate
ID2787,57,Australia,English,Ambivert,Daily,Fantasy,High
ID2788,49,United Arab Emirates,Arabic,Introvert,Several times a week,Science Fiction,Moderate
ID2789,74,United States,English,Introvert,Several times a week,Biography & Memoir,Low
ID2790,48,United Arab Emirates,Arabic,Introvert,Daily,Self-Help,Moderate
ID2791,64,Canada,English,Introvert,Weekly,Romance,Moderate
ID2792,40,Germany,German,Introvert,Several times a week,Self-Help,Moderate
ID2793,72,United States,English,Ambivert,Daily,Biography & Memoir,Moderate
ID2794,56,Japan,Japanese,Extrovert,Several times a week,Mystery & Thriller,Moderate
ID2795,55,United Kingdom,English,Ambivert,Daily,Self-Help,Moderate
ID2796,60,Japan,Japanese,Introvert,Several times a week,Poetry,Moderate
ID2797,58,Spain,Spanish,Extrovert,Rarely,Self-Help,Moderate
ID2798,62,Canada,English,Extrovert,Daily,Fiction,Moderate
ID2799,50,United States,English,Ambivert,Weekly,Fiction,Low
ID2800,61,Japan,Japanese,Extrovert,Daily,Mystery & Thriller,Moderate
ID2801,19,United Arab Emirates,Arabic,Ambivert,Weekly,Mystery & Thriller,Moderate
ID2802,44,South Korea,Korean,Extrovert,Weekly,Romance,High
ID2803,68,India,Hindi,Ambivert,Daily,Self-Help,Low
ID2804,48,South Africa,English,Extrovert,Monthly,Fiction,Moderate
ID2805,38,Italy,Italian,Ambivert,Several times a week,Science & Technology,High
ID2806,26,China,Mandarin Chinese,Ambivert,Several times a week,Fiction,Low
ID2807,42,India,Hindi,Ambivert,Weekly,Biography & Memoir,Moderate
ID2808,69,United States,English,Extrovert,Rarely,Science Fiction,Moderate
ID2809,35,Germany,German,Ambivert,Weekly,Biography & Memoir,Moderate
ID2810,60,India,Hindi,Introvert,Several times a week,Fiction,Low
ID2811,50,France,French,Introvert,Several times a week,Fiction,High
ID2812,37,Italy,Italian,Ambivert,Rarely,Romance,Moderate
ID2813,62,Brazil,Portuguese,Ambivert,Monthly,Fiction,High
ID2814,28,Netherlands,Dutch,Introvert,Daily,Mystery & Thriller,Moderate
ID2815,59,Australia,English,Extrovert,Daily,Comics & Graphic Novels,Low
ID2816,70,United States,English,Ambivert,Several times a week,Fiction,Moderate
ID2817,44,Nigeria,English,Ambivert,Several times a week,Poetry,Moderate
ID2818,31,United States,English,Extrovert,Monthly,Fiction,Low
ID2819,55,Brazil,Portuguese,Introvert,Weekly,Mystery & Thriller,Moderate
ID2820,27,United States,English,Ambivert,Weekly,Fantasy,Moderate
ID2821,29,China,Mandarin Chinese,Ambivert,Weekly,Fiction,Low
ID2822,31,Germany,German,Ambivert,Weekly,Romance,Moderate
ID2823,22,Brazil,Portuguese,Ambivert,Several times a week,Science Fiction,Moderate
ID2824,35,Canada,English,Ambivert,Several times a week,Fantasy,High
ID2825,54,United States,English,Extrovert,Several times a week,Fantasy,Moderate
ID2826,69,South Korea,Korean,Extrovert,Several times a week,Fantasy,Low
ID2827,18,India,Hindi,Ambivert,Several times a week,Comics & Graphic Novels,Moderate
ID2828,29,France,French,Introvert,Weekly,Science Fiction,Low
ID2829,47,India,Hindi,Introvert,Monthly,Fiction,High
ID2830,31,Spain,Spanish,Ambivert,Several times a week,Mystery & Thriller,Moderate
ID2831,54,South Africa,English,Introvert,Several times a week,Fiction,Moderate
ID2832,56,United States,English,Ambivert,Rarely,Science Fiction,Moderate
ID2833,54,India,Hindi,Ambivert,Several times a week,Fiction,Moderate
ID2834,47,Netherlands,Dutch,Extrovert,Several times a week,Science Fiction,High
ID2835,54,India,Hindi,Ambivert,Monthly,Business,Moderate
ID2836,51,France,French,Extrovert,Daily,Mystery & Thriller,High
ID2837,35,South Africa,English,Extrovert,Monthly,Mystery & Thriller,Moderate
ID2838,33,India,Hindi,Ambivert,Weekly,Mystery & Thriller,High
ID2839,32,India,Hindi,Extrovert,Monthly,Fiction,Low
ID2840,35,India,Hindi,Ambivert,Several times a week,Romance,Moderate
ID2841,30,United States,English,Extrovert,Weekly,Romance,Moderate
ID2842,41,Australia,English,Extrovert,Monthly,Mystery & Thriller,High
ID2843,62,Sweden,Swedish,Introvert,Several times a week,Fantasy,Moderate
ID2844,75,South Korea,Korean,Introvert,Several times a week,Biography & Memoir,Moderate
ID2845,28,India,Hindi,Introvert,Weekly,History,Low
ID2846,37,Brazil,Portuguese,Extrovert,Rarely,Mystery & Thriller,Moderate
ID2847,56,Brazil,Portuguese,Extrovert,Weekly,Fiction,High
ID2848,18,India,Hindi,Ambivert,Monthly,Mystery & Thriller,High
ID2849,25,Mexico,Spanish,Ambivert,Rarely,Fiction,Moderate
ID2850,29,India,Hindi,Introvert,Rarely,Science Fiction,Moderate
ID2851,29,India,Hindi,Introvert,Weekly,Poetry,High
ID2852,44,Japan,Japanese,Extrovert,Daily,Mystery & Thriller,High
ID2853,70,Italy,Italian,Ambivert,Several times a week,Self-Help,Low
ID2854,22,India,Hindi,Ambivert,Daily,Self-Help,High
ID2855,58,South Korea,Korean,Introvert,Weekly,Mystery & Thriller,High
ID2856,58,Brazil,Portuguese,Ambivert,Monthly,Fiction,Moderate
ID2857,43,India,Hindi,Introvert,Several times a week,Romance,Moderate
ID2858,41,India,Hindi,Introvert,Rarely,History,Moderate
ID2859,37,Nigeria,English,Extrovert,Rarely,Science Fiction,Moderate
ID2860,75,Brazil,Portuguese,Extrovert,Daily,Self-Help,Moderate
ID2861,51,India,Hindi,Ambivert,Daily,Mystery & Thriller,High
ID2862,36,India,Hindi,Introvert,Weekly,Biography & Memoir,Low
ID2863,44,South Africa,English,Introvert,Weekly,Science Fiction,Moderate
ID2864,24,India,Hindi,Ambivert,Daily,Mystery & Thriller,Low
ID2865,50,India,Hindi,Introvert,Rarely,Mystery & Thriller,Moderate
ID2866,26,United States,English,Ambivert,Daily,Biography & Memoir,Moderate
ID2867,47,India,Hindi,Extrovert,Monthly,Self-Help,Moderate
ID2868,29,Indonesia,Indonesian,Ambivert,Monthly,Science Fiction,Moderate
ID2869,66,Brazil,Portuguese,Ambivert,Rarely,Self-Help,Low
ID2870,71,Italy,Italian,Introvert,Daily,Biography & Memoir,High
ID2871,46,United States,English,Ambivert,Several times a week,Mystery & Thriller,High
ID2872,46,Brazil,Portuguese,Ambivert,Daily,Mystery & Thriller,Moderate
ID2873,55,United Kingdom,English,Ambivert,Monthly,Self-Help,High
ID2874,70,Canada,English,Extrovert,Weekly,Science Fiction,Moderate
ID2875,19,South Africa,English,Extrovert,Daily,Fantasy,Moderate
ID2876,25,China,Mandarin Chinese,Extrovert,Weekly,History,Moderate
ID2877,19,India,Hindi,Ambivert,Several times a week,Fiction,Moderate
ID2878,38,United States,English,Introvert,Several times a week,Self-Help,Moderate
ID2879,73,United States,English,Extrovert,Several times a week,Self-Help,High
ID2880,32,China,Mandarin Chinese,Extrovert,Several times a week,Mystery & Thriller,High
ID2881,49,South Africa,English,Introvert,Weekly,Biography & Memoir,Moderate
ID2882,24,Canada,English,Ambivert,Weekly,Mystery & Thriller,Low
ID2883,45,Japan,Japanese,Ambivert,Several times a week,Comics & Graphic Novels,High
ID2884,65,India,Hindi,Introvert,Several times a week,Fantasy,Moderate
ID2885,41,India,Hindi,Ambivert,Weekly,Mystery & Thriller,Moderate
ID2886,43,South Korea,Korean,Introvert,Daily,Self-Help,High
ID2887,69,Japan,Japanese,Introvert,Weekly,Business,Moderate
ID2888,61,Japan,Japanese,Introvert,Monthly,Business,Moderate
ID2889,30,South Africa,English,Introvert,Daily,Science & Technology,High
ID2890,68,India,Hindi,Extrovert,Monthly,History,Low
ID2891,68,United Kingdom,English,Ambivert,Several times a week,Fiction,High
ID2892,19,France,French,Extrovert,Several times a week,Poetry,High
ID2893,36,United States,English,Introvert,Several times a week,Science & Technology,High
ID2894,19,Brazil,Portuguese,Ambivert,Weekly,Romance,High
ID2895,36,Mexico,Spanish,Extrovert,Several times a week,Biography & Memoir,High
ID2896,68,India,Hindi,Introvert,Several times a week,Science & Technology,Low
ID2897,59,Brazil,Portuguese,Ambivert,Several times a week,Science Fiction,Moderate
ID2898,56,Mexico,Spanish,Extrovert,Several times a week,Mystery & Thriller,Moderate
ID2899,64,Italy,Italian,Ambivert,Weekly,Self-Help,Moderate
ID2900,73,Sweden,Swedish,Ambivert,Weekly,Biography & Memoir,Moderate
ID2901,42,United States,English,Extrovert,Daily,Self-Help,Moderate
ID2902,56,Spain,Spanish,Ambivert,Daily,Fantasy,Moderate
ID2903,45,United Kingdom,English,Ambivert,Monthly,Biography & Memoir,Moderate
ID2904,61,South Africa,English,Introvert,Monthly,Business,Moderate
ID2905,49,Spain,Spanish,Extrovert,Rarely,Fantasy,High
ID2906,22,Germany,German,Extrovert,Rarely,Biography & Memoir,Moderate
ID2907,57,Germany,German,Extrovert,Weekly,Mystery & Thriller,High
ID2908,68,Netherlands,Dutch,Extrovert,Several times a week,Mystery & Thriller,High
ID2909,65,Australia,English,Extrovert,Monthly,Fantasy,Moderate
ID2910,35,France,French,Introvert,Daily,Biography & Memoir,Moderate
ID2911,75,United States,English,Ambivert,Several times a week,Comics & Graphic Novels,Moderate
ID2912,47,United States,English,Extrovert,Rarely,Fiction,High
ID2913,60,India,Hindi,Ambivert,Rarely,Mystery & Thriller,Low
ID2914,38,United States,English,Introvert,Monthly,Mystery & Thriller,Low
ID2915,71,Mexico,Spanish,Ambivert,Several times a week,Poetry,Moderate
ID2916,69,Nigeria,English,Introvert,Daily,Business,Moderate
ID2917,32,United States,English,Ambivert,Weekly,Science & Technology,Moderate
ID2918,18,United Arab Emirates,Arabic,Introvert,Monthly,Science Fiction,Low
ID2919,22,Italy,Italian,Ambivert,Several times a week,Biography & Memoir,High
ID2920,68,United States,English,Ambivert,Several times a week,Mystery & Thriller,High
ID2921,21,United States,English,Introvert,Several times a week,Mystery & Thriller,High
ID2922,31,Spain,Spanish,Extrovert,Monthly,Business,Moderate
ID2923,21,Mexico,Spanish,Introvert,Daily,Self-Help,Moderate
ID2924,49,Japan,Japanese,Introvert,Daily,Fiction,Low
ID2925,38,South Korea,Korean,Extrovert,Monthly,Fantasy,Moderate
ID2926,50,Japan,Japanese,Introvert,Daily,Fantasy,Moderate
ID2927,59,Brazil,Portuguese,Extrovert,Rarely,Fantasy,High
ID2928,70,India,Hindi,Introvert,Weekly,Fiction,Low
ID2929,32,Mexico,Spanish,Ambivert,Several times a week,Self-Help,Low
ID2930,49,India,Hindi,Introvert,Daily,Biography & Memoir,High
ID2931,21,Italy,Italian,Introvert,Weekly,Comics & Graphic Novels,Low
ID2932,51,India,Hindi,Introvert,Daily,History,Moderate
ID2933,60,United States,English,Introvert,Daily,Mystery & Thriller,Moderate
ID2934,33,Mexico,Spanish,Ambivert,Several times a week,Biography & Memoir,High
ID2935,64,United States,English,Ambivert,Daily,Fantasy,Moderate
ID2936,55,India,Hindi,Extrovert,Monthly,History,High
ID2937,27,India,Hindi,Ambivert,Daily,Romance,High
ID2938,72,Mexico,Spanish,Introvert,Several times a week,Fiction,High
ID2939,38,Brazil,Portuguese,Ambivert,Daily,Science Fiction,High
ID2940,49,United States,English,Introvert,Rarely,Fiction,Moderate
ID2941,34,Mexico,Spanish,Extrovert,Monthly,Fiction,Low
ID2942,49,India,Hindi,Ambivert,Weekly,Fiction,High
ID2943,42,Italy,Italian,Extrovert,Daily,Self-Help,Moderate
ID2944,69,Spain,Spanish,Ambivert,Several times a week,Business,Low
ID2945,73,United Kingdom,English,Ambivert,Several times a week,Science Fiction,Moderate
ID2946,50,Spain,Spanish,Extrovert,Weekly,Romance,Moderate
ID2947,28,United States,English,Extrovert,Daily,Biography & Memoir,Low
ID2948,50,Germany,German,Introvert,Several times a week,Romance,Moderate
ID2949,32,Germany,German,Introvert,Weekly,Business,Moderate
ID2950,56,India,Hindi,Introvert,Monthly,Biography & Memoir,Low
ID2951,75,China,Mandarin Chinese,Ambivert,Weekly,Fiction,Moderate
ID2952,61,India,Hindi,Introvert,Weekly,Mystery & Thriller,High
ID2953,35,Nigeria,English,Introvert,Monthly,Fantasy,Low
ID2954,58,United Kingdom,English,Introvert,Several times a week,Fiction,Moderate
ID2955,56,Germany,German,Extrovert,Monthly,History,Moderate
ID2956,75,India,Hindi,Introvert,Weekly,History,High
ID2957,47,India,Hindi,Ambivert,Rarely,Fantasy,High
ID2958,41,United States,English,Introvert,Weekly,Fiction,Low
ID2959,40,Nigeria,English,Ambivert,Monthly,Mystery & Thriller,Moderate
ID2960,44,Netherlands,Dutch,Introvert,Weekly,Biography & Memoir,Moderate
ID2961,49,India,Hindi,Ambivert,Rarely,Romance,Low
ID2962,49,India,Hindi,Ambivert,Several times a week,Biography & Memoir,High
ID2963,21,United States,English,Introvert,Weekly,Business,Moderate
ID2964,22,United States,English,Introvert,Rarely,Fiction,Moderate
ID2965,58,Canada,English,Extrovert,Daily,Self-Help,Moderate
ID2966,63,South Korea,Korean,Ambivert,Daily,Mystery & Thriller,Low
ID2967,33,India,Hindi,Extrovert,Several times a week,Romance,Moderate
ID2968,74,India,Hindi,Ambivert,Monthly,Science Fiction,Moderate
ID2969,71,India,Hindi,Ambivert,Weekly,Fiction,Moderate
ID2970,67,South Africa,English,Extrovert,Weekly,Fiction,Low
ID2971,69,China,Mandarin Chinese,Introvert,Monthly,Fiction,High
ID2972,58,Germany,German,Extrovert,Daily,Science Fiction,Moderate
ID2973,42,South Korea,Korean,Extrovert,Weekly,Poetry,High
ID2974,57,India,Hindi,Ambivert,Several times a week,Fantasy,Moderate
ID2975,25,France,French,Ambivert,Several times a week,Business,High
ID2976,60,India,Hindi,Ambivert,Daily,Fiction,High
ID2977,60,Mexico,Spanish,Ambivert,Monthly,Fiction,Moderate
ID2978,52,India,Hindi,Extrovert,Several times a week,Science Fiction,Moderate
ID2979,28,India,Hindi,Introvert,Weekly,Fantasy,Moderate
ID2980,75,Nigeria,English,Extrovert,Daily,Fantasy,High
ID2981,45,India,Hindi,Extrovert,Weekly,Science & Technology,Low
ID2982,52,United States,English,Ambivert,Several times a week,Romance,High
ID2983,49,India,Hindi,Ambivert,Monthly,Fiction,High
ID2984,34,Japan,Japanese,Ambivert,Weekly,Mystery & Thriller,High
ID2985,48,Nigeria,English,Ambivert,Monthly,Biography & Memoir,High
ID2986,57,India,Hindi,Extrovert,Weekly,Biography & Memoir,Moderate
ID2987,56,United Arab Emirates,Arabic,Ambivert,Weekly,Fantasy,High
ID2988,22,France,French,Ambivert,Rarely,Romance,Moderate
ID2989,72,Italy,Italian,Introvert,Several times a week,Fantasy,Moderate
ID2990,34,United Kingdom,English,Extrovert,Daily,Biography & Memoir,Moderate
ID2991,40,France,French,Introvert,Monthly,Romance,Moderate
ID2992,18,United States,English,Ambivert,Daily,Biography & Memoir,Moderate
ID2993,33,India,Hindi,Introvert,Monthly,Fantasy,High
ID2994,56,United States,English,Extrovert,Daily,Mystery & Thriller,Moderate
ID2995,67,United States,English,Ambivert,Rarely,Mystery & Thriller,Low
ID2996,62,India,Hindi,Ambivert,Daily,Fiction,High
ID2997,46,Spain,Spanish,Introvert,Weekly,Fiction,Moderate
ID2998,45,Nigeria,English,Ambivert,Monthly,Poetry,Moderate
ID2999,73,Canada,English,Ambivert,Daily,Romance,Low
ID3000,63,Canada,English,Extrovert,Weekly,Fiction,Moderate
